seccion_electoral,municipio,municipio_texto,id_encuestador,latitud,longitud,fecha_hora,Modified Date,tiene_gps
140,1,Acapulco,100,,,2025-12-05 01:16:00,"Dec 5, 2025 1:16 am",False
4,3,Iguala,3,,,2025-12-05 06:56:00,"Dec 5, 2025 6:56 am",False
50,1,Acapulco,20,16.8736647,-99.8208632,2025-12-05 08:39:00,"Dec 5, 2025 8:51 am",True
295,1,Acapulco,1017,16.8567939,-99.8649705,2025-12-05 08:39:00,"Dec 5, 2025 8:56 am",True
171,1,Acapulco,10341,,,2025-12-05 08:50:00,"Dec 5, 2025 9:16 am",False
171,1,Acapulco,10342,,,2025-12-05 08:52:00,"Dec 5, 2025 9:10 am",False
171,1,Acapulco,10340,,,2025-12-05 08:53:00,"Dec 5, 2025 9:10 am",False
214,1,Acapulco,10350,,,2025-12-05 08:55:00,"Dec 5, 2025 8:55 am",False
145,1,Acapulco,10361,,,2025-12-05 08:58:00,"Dec 5, 2025 9:45 am",False
145,1,Acapulco,10351,,,2025-12-05 08:58:00,"Dec 5, 2025 10:03 am",False
295,1,Acapulco,101701,16.8567939,-99.8649705,2025-12-05 08:58:00,"Dec 5, 2025 8:58 am",True
165,1,Acapulco,10364,,,2025-12-05 09:09:00,"Dec 5, 2025 9:25 am",False
1259,2,Chilpancingo,235,17.5430005,-99.5220455,2025-12-05 09:12:00,"Dec 5, 2025 9:42 am",True
1259,2,Chilpancingo,237,17.5430005,-99.5220455,2025-12-05 09:12:00,"Dec 5, 2025 9:47 am",True
171,1,Acapulco,10342,,,2025-12-05 09:13:00,"Dec 5, 2025 9:40 am",False
125,1,Acapulco,10502,,,2025-12-05 09:13:00,"Dec 5, 2025 9:13 am",False
125,1,Acapulco,10502,,,2025-12-05 09:13:00,"Dec 5, 2025 9:13 am",False
1259,2,Chilpancingo,231,17.5430005,-99.5220455,2025-12-05 09:13:00,"Dec 5, 2025 10:05 am",True
1265,2,Chilpancingo,242,,,2025-12-05 09:13:00,"Dec 5, 2025 9:13 am",False
1265,2,Chilpancingo,247,,,2025-12-05 09:14:00,"Dec 5, 2025 9:14 am",False
1265,2,Chilpancingo,243,,,2025-12-05 09:14:00,"Dec 5, 2025 10:39 am",False
165,1,Acapulco,10363,,,2025-12-05 09:15:00,"Dec 5, 2025 9:38 am",False
111,1,Acapulco,10358,16.9200333,-99.8417862,2025-12-05 09:16:00,"Dec 5, 2025 10:16 am",True
229,1,Acapulco,10344,,,2025-12-05 09:16:00,"Dec 5, 2025 9:36 am",False
229,1,Acapulco,10344,,,2025-12-05 09:16:00,"Dec 5, 2025 9:16 am",False
111,1,Acapulco,10359,,,2025-12-05 09:17:00,"Dec 5, 2025 9:17 am",False
17,1,Acapulco,10509,16.870351,-99.9344646,2025-12-05 09:18:00,"Dec 5, 2025 10:59 am",True
145,1,Acapulco,10362,,,2025-12-05 09:18:00,"Dec 5, 2025 9:54 am",False
21,1,Acapulco,10512,,,2025-12-05 09:19:00,"Dec 5, 2025 10:11 am",False
17,1,Acapulco,10509,,,2025-12-05 09:19:00,"Dec 5, 2025 9:20 am",False
125,1,Acapulco,10508,,,2025-12-05 09:19:00,"Dec 5, 2025 9:20 am",False
21,1,Acapulco,10511,16.8782587,-99.9104643,2025-12-05 09:20:00,"Dec 5, 2025 10:21 am",True
31,1,Acapulco,10507,,,2025-12-05 09:20:00,"Dec 5, 2025 9:22 am",False
9,1,Acapulco,10510,,,2025-12-05 09:20:00,"Dec 5, 2025 11:59 am",False
9,1,Acapulco,10514,,,2025-12-05 09:20:00,"Dec 5, 2025 9:20 am",False
124,1,Acapulco,10513,16.9083195,-99.9547946,2025-12-05 09:21:00,"Dec 5, 2025 9:23 am",True
171,1,Acapulco,10340,,,2025-12-05 09:21:00,"Dec 5, 2025 9:31 am",False
124,1,Acapulco,10503,16.9083195,-99.9547946,2025-12-05 09:21:00,"Dec 5, 2025 11:16 am",True
229,1,Acapulco,10343,,,2025-12-05 09:23:00,"Dec 5, 2025 9:49 am",False
1259,2,Chilpancingo,233,,,2025-12-05 09:24:00,"Dec 5, 2025 9:27 am",False
229,1,Acapulco,10345,,,2025-12-05 09:27:00,"Dec 5, 2025 9:27 am",False
278,1,Acapulco,10114,,,2025-12-05 09:28:00,"Dec 5, 2025 10:08 am",False
278,1,Acapulco,10117,,,2025-12-05 09:28:00,"Dec 5, 2025 9:30 am",False
278,1,Acapulco,10116,,,2025-12-05 09:28:00,"Dec 5, 2025 9:29 am",False
278,1,Acapulco,10116,,,2025-12-05 09:28:00,"Dec 5, 2025 9:28 am",False
19,1,Acapulco,10505,,,2025-12-05 09:29:00,"Dec 5, 2025 11:08 am",False
19,1,Acapulco,10504,,,2025-12-05 09:29:00,"Dec 5, 2025 9:37 am",False
136,1,Acapulco,10411,16.8639515,-99.8822807,2025-12-05 09:29:00,"Dec 5, 2025 9:44 am",True
278,1,Acapulco,10115,,,2025-12-05 09:30:00,"Dec 5, 2025 10:02 am",False
114,1,Acapulco,10401,,,2025-12-05 09:30:00,"Dec 5, 2025 9:30 am",False
278,1,Acapulco,10113,,,2025-12-05 09:30:00,"Dec 5, 2025 9:31 am",False
66,1,Acapulco,40,,,2025-12-05 09:31:00,"Dec 5, 2025 10:16 am",False
66,1,Acapulco,32,16.8596581,-99.9070495,2025-12-05 09:31:00,"Dec 5, 2025 10:38 am",True
66,1,Acapulco,23,16.8596581,-99.9070495,2025-12-05 09:31:00,"Dec 5, 2025 9:55 am",True
121,1,Acapulco,10356,,,2025-12-05 09:32:00,"Dec 5, 2025 9:32 am",False
2835,1,Acapulco,10346,,,2025-12-05 09:32:00,"Dec 5, 2025 10:52 am",False
2835,1,Acapulco,10347,,,2025-12-05 09:33:00,"Dec 5, 2025 9:33 am",False
2835,1,Acapulco,10348,,,2025-12-05 09:33:00,"Dec 5, 2025 9:33 am",False
121,1,Acapulco,10357,,,2025-12-05 09:34:00,"Dec 5, 2025 9:53 am",False
114,1,Acapulco,10401,,,2025-12-05 09:34:00,"Dec 5, 2025 9:47 am",False
171,1,Acapulco,10341,,,2025-12-05 09:34:00,"Dec 5, 2025 9:44 am",False
121,1,Acapulco,10355,,,2025-12-05 09:34:00,"Dec 5, 2025 9:54 am",False
2835,1,Acapulco,10348,,,2025-12-05 09:35:00,"Dec 5, 2025 10:34 am",False
125,1,Acapulco,10502,,,2025-12-05 09:38:00,"Dec 5, 2025 9:38 am",False
1521,3,Iguala,222,,,2025-12-05 09:43:00,"Dec 5, 2025 9:50 am",False
305,1,Acapulco,10110,,,2025-12-05 09:44:00,"Dec 5, 2025 10:07 am",False
305,1,Acapulco,10111,,,2025-12-05 09:44:00,"Dec 5, 2025 10:03 am",False
165,1,Acapulco,10363,,,2025-12-05 09:44:00,"Dec 5, 2025 10:01 am",False
305,1,Acapulco,10112,,,2025-12-05 09:44:00,"Dec 5, 2025 10:28 am",False
305,1,Acapulco,10109,,,2025-12-05 09:45:00,"Dec 5, 2025 10:24 am",False
296,1,Acapulco,10803,,,2025-12-05 09:45:00,"Dec 5, 2025 10:01 am",False
305,1,Acapulco,10108,16.8623117,-99.8089298,2025-12-05 09:45:00,"Dec 5, 2025 10:56 am",True
305,1,Acapulco,10108,,,2025-12-05 09:45:00,"Dec 5, 2025 9:45 am",False
270,2,Chilpancingo,2310,,,2025-12-05 09:45:00,"Dec 5, 2025 9:45 am",False
305,1,Acapulco,10107,,,2025-12-05 09:46:00,"Dec 5, 2025 9:46 am",False
105,1,Acapulco,26,,,2025-12-05 09:46:00,"Dec 5, 2025 9:46 am",False
1259,2,Chilpancingo,225,17.5430005,-99.5220455,2025-12-05 09:47:00,"Dec 5, 2025 10:27 am",True
279,1,Acapulco,10171,,,2025-12-05 09:47:00,"Dec 5, 2025 10:06 am",False
145,1,Acapulco,10361,,,2025-12-05 09:49:00,"Dec 5, 2025 10:17 am",False
1259,2,Chilpancingo,223,17.5430005,-99.5220455,2025-12-05 09:48:00,"Dec 5, 2025 10:08 am",True
1218,2,Chilpancingo,229,,,2025-12-05 09:51:00,"Dec 5, 2025 9:51 am",False
111,1,Acapulco,10359,16.9200333,-99.8417862,2025-12-05 09:52:00,"Dec 5, 2025 10:23 am",True
279,1,Acapulco,10120,16.8626773,-99.8415367,2025-12-05 09:53:00,"Dec 5, 2025 10:18 am",True
279,1,Acapulco,10119,,,2025-12-05 09:53:00,"Dec 5, 2025 10:29 am",False
279,1,Acapulco,10168,16.8626773,-99.8415367,2025-12-05 09:54:00,"Dec 5, 2025 10:39 am",True
279,1,Acapulco,69,-22.8632391,-46.0386081,2025-12-05 09:54:00,"Dec 5, 2025 10:44 am",True
118,1,Acapulco,10403,,,2025-12-05 09:54:00,"Dec 5, 2025 10:10 am",False
118,1,Acapulco,10403,,,2025-12-05 09:55:00,"Dec 5, 2025 10:06 am",False
37,1,Acapulco,24,,,2025-12-05 09:56:00,"Dec 5, 2025 10:11 am",False
145,1,Acapulco,10362,,,2025-12-05 09:56:00,"Dec 5, 2025 10:24 am",False
52,1,Acapulco,16,16.8970065,-99.8208632,2025-12-05 09:57:00,"Dec 5, 2025 9:59 am",True
171,1,Acapulco,10342,,,2025-12-05 09:56:00,"Dec 5, 2025 10:51 am",False
136,1,Acapulco,10411,,,2025-12-05 09:57:00,"Dec 5, 2025 10:03 am",False
229,1,Acapulco,10344,,,2025-12-05 09:57:00,"Dec 5, 2025 10:28 am",False
37,1,Acapulco,34,,,2025-12-05 09:58:00,"Dec 5, 2025 10:15 am",False
37,1,Acapulco,33,,,2025-12-05 09:58:00,"Dec 5, 2025 10:14 am",False
229,1,Acapulco,10345,,,2025-12-05 09:58:00,"Dec 5, 2025 10:13 am",False
121,1,Acapulco,10356,,,2025-12-05 09:59:00,"Dec 5, 2025 10:21 am",False
305,1,Acapulco,10107,,,2025-12-05 10:00:00,"Dec 5, 2025 10:16 am",False
1270,2,Chilpancingo,3211,17.5508259,-99.5014623,2025-12-05 10:00:00,"Dec 5, 2025 10:15 am",True
111,1,Acapulco,10360,16.9200333,-99.8417862,2025-12-05 10:00:00,"Dec 5, 2025 10:28 am",True
121,1,Acapulco,10357,,,2025-12-05 10:00:00,"Dec 5, 2025 10:33 am",False
114,1,Acapulco,10401,16.9258597,-99.8129575,2025-12-05 10:01:00,"Dec 5, 2025 10:26 am",True
157,1,Acapulco,101720,,,2025-12-05 10:01:00,"Dec 5, 2025 10:52 am",False
296,1,Acapulco,10803,,,2025-12-05 10:02:00,"Dec 5, 2025 10:08 am",False
1,1,Acapulco,10105,16.8754687,-99.8246079,2025-12-05 10:02:00,"Dec 5, 2025 10:20 am",True
1527,3,Iguala,323,,,2025-12-05 10:02:00,"Dec 5, 2025 10:24 am",False
1527,3,Iguala,323,,,2025-12-05 10:02:00,"Dec 5, 2025 10:02 am",False
113,1,Acapulco,10410,,,2025-12-05 10:03:00,"Dec 5, 2025 10:25 am",False
1270,2,Chilpancingo,2310,,,2025-12-05 10:03:00,"Dec 5, 2025 10:15 am",False
1527,3,Iguala,321,,,2025-12-05 10:03:00,"Dec 5, 2025 10:23 am",False
247,1,Acapulco,10103,,,2025-12-05 10:04:00,"Dec 5, 2025 10:29 am",False
120,1,Acapulco,10413,,,2025-12-05 10:03:00,"Dec 5, 2025 10:13 am",False
1527,3,Iguala,322,,,2025-12-05 10:03:00,"Dec 5, 2025 10:04 am",False
247,1,Acapulco,10103,,,2025-12-05 10:04:00,"Dec 5, 2025 10:04 am",False
1527,3,Iguala,326,,,2025-12-05 10:04:00,"Dec 5, 2025 10:24 am",False
208,1,Acapulco,7,,,2025-12-05 10:05:00,"Dec 5, 2025 10:05 am",False
306,1,Acapulco,10802,16.8347067,-99.800361,2025-12-05 10:05:00,"Dec 5, 2025 10:59 am",True
165,1,Acapulco,10365,,,2025-12-05 10:06:00,"Dec 5, 2025 10:21 am",False
305,1,Acapulco,10111,,,2025-12-05 10:06:00,"Dec 5, 2025 10:25 am",False
165,1,Acapulco,10364,,,2025-12-05 10:07:00,"Dec 5, 2025 10:22 am",False
1218,2,Chilpancingo,228,17.562795,-99.4969146,2025-12-05 10:07:00,"Dec 5, 2025 10:28 am",True
114,1,Acapulco,10402,,,2025-12-05 10:08:00,"Dec 5, 2025 10:22 am",False
246,1,Acapulco,10102,,,2025-12-05 10:08:00,"Dec 5, 2025 10:44 am",False
121,1,Acapulco,10355,,,2025-12-05 10:09:00,"Dec 5, 2025 10:29 am",False
278,1,Acapulco,10115,,,2025-12-05 10:09:00,"Dec 5, 2025 10:32 am",False
278,1,Acapulco,10116,,,2025-12-05 10:09:00,"Dec 5, 2025 10:36 am",False
278,1,Acapulco,10117,,,2025-12-05 10:09:00,"Dec 5, 2025 10:44 am",False
118,1,Acapulco,10403,,,2025-12-05 10:09:00,"Dec 5, 2025 10:29 am",False
1521,3,Iguala,3411,,,2025-12-05 10:10:00,"Dec 5, 2025 10:10 am",False
136,1,Acapulco,10411,,,2025-12-05 10:10:00,"Dec 5, 2025 10:24 am",False
278,1,Acapulco,10114,,,2025-12-05 10:10:00,"Dec 5, 2025 10:36 am",False
296,1,Acapulco,10803,,,2025-12-05 10:10:00,"Dec 5, 2025 10:17 am",False
278,1,Acapulco,10113,,,2025-12-05 10:11:00,"Dec 5, 2025 10:59 am",False
278,1,Acapulco,10118,,,2025-12-05 10:11:00,"Dec 5, 2025 10:30 am",False
185,1,Acapulco,10806,,,2025-12-05 10:11:00,"Dec 5, 2025 10:11 am",False
1265,2,Chilpancingo,248,17.5585937,-99.5059056,2025-12-05 10:12:00,"Dec 5, 2025 10:39 am",True
145,1,Acapulco,10351,,,2025-12-05 10:12:00,"Dec 5, 2025 10:48 am",False
1522,3,Iguala,342,,,2025-12-05 10:13:00,"Dec 5, 2025 10:13 am",False
1522,3,Iguala,341,,,2025-12-05 10:15:00,"Dec 5, 2025 10:43 am",False
118,1,Acapulco,10403,,,2025-12-05 10:13:00,"Dec 5, 2025 10:28 am",False
120,1,Acapulco,10414,,,2025-12-05 10:14:00,"Dec 5, 2025 10:15 am",False
1259,2,Chilpancingo,223,17.5430005,-99.5220455,2025-12-05 10:14:00,"Dec 5, 2025 10:26 am",True
21,1,Acapulco,10512,16.8764895,-99.9095335,2025-12-05 10:15:00,"Dec 5, 2025 10:50 am",True
120,1,Acapulco,10413,,,2025-12-05 10:15:00,"Dec 5, 2025 10:50 am",False
120,1,Acapulco,10414,,,2025-12-05 10:16:00,"Dec 5, 2025 10:28 am",False
1527,3,Iguala,324,18.3396752,-99.537862,2025-12-05 10:16:00,"Dec 5, 2025 10:19 am",True
37,1,Acapulco,24,,,2025-12-05 10:16:00,"Dec 5, 2025 10:31 am",False
25,1,Acapulco,21,16.8639515,-99.8822807,2025-12-05 10:18:00,"Dec 5, 2025 10:39 am",True
1270,2,Chilpancingo,2310,,,2025-12-05 10:18:00,"Dec 5, 2025 10:29 am",False
1226,2,Chilpancingo,210,,,2025-12-05 10:18:00,"Dec 5, 2025 10:18 am",False
145,1,Acapulco,10361,,,2025-12-05 10:18:00,"Dec 5, 2025 10:18 am",False
37,1,Acapulco,33,,,2025-12-05 10:19:00,"Dec 5, 2025 10:32 am",False
1270,2,Chilpancingo,2311,17.5358537,-99.4791414,2025-12-05 10:19:00,"Dec 5, 2025 10:29 am",True
1527,3,Iguala,329,,,2025-12-05 10:19:00,"Dec 5, 2025 10:29 am",False
296,1,Acapulco,10803,,,2025-12-05 10:20:00,"Dec 5, 2025 10:30 am",False
66,1,Acapulco,23,19.1365311,-104.3402796,2025-12-05 10:21:00,"Dec 5, 2025 10:40 am",True
279,1,Acapulco,10171,,,2025-12-05 10:21:00,"Dec 5, 2025 10:37 am",False
37,1,Acapulco,34,,,2025-12-05 10:22:00,"Dec 5, 2025 10:42 am",False
21,1,Acapulco,10511,16.8784249,-99.9104913,2025-12-05 10:22:00,"Dec 5, 2025 10:48 am",True
2835,1,Acapulco,10347,,,2025-12-05 10:22:00,"Dec 5, 2025 10:50 am",False
208,1,Acapulco,101718,,,2025-12-05 10:22:00,"Dec 5, 2025 10:35 am",False
208,1,Acapulco,101718,,,2025-12-05 10:22:00,"Dec 5, 2025 10:22 am",False
66,1,Acapulco,40,16.8596581,-99.9070495,2025-12-05 10:23:00,"Dec 5, 2025 10:50 am",True
145,1,Acapulco,10362,,,2025-12-05 10:24:00,"Dec 5, 2025 10:45 am",False
1226,2,Chilpancingo,210,17.5600329,-99.505131,2025-12-05 10:25:00,"Dec 5, 2025 10:50 am",True
105,1,Acapulco,27,,,2025-12-05 10:25:00,"Dec 5, 2025 11:22 am",False
121,1,Acapulco,10356,,,2025-12-05 10:26:00,"Dec 5, 2025 10:45 am",False
247,1,Acapulco,10104,16.8754687,-99.8246079,2025-12-05 10:26:00,"Dec 5, 2025 10:39 am",True
1527,3,Iguala,326,18.3396752,-99.537862,2025-12-05 10:26:00,"Dec 5, 2025 10:28 am",True
1271,2,Chilpancingo,239,,,2025-12-05 10:27:00,"Dec 5, 2025 10:44 am",False
271,1,Acapulco,10805,16.8709042,-99.8731384,2025-12-05 10:27:00,"Dec 5, 2025 11:04 am",True
111,1,Acapulco,10359,16.9200333,-99.8417862,2025-12-05 10:27:00,"Dec 5, 2025 10:42 am",True
1271,2,Chilpancingo,238,17.5254015,-99.4794237,2025-12-05 10:27:00,"Dec 5, 2025 10:56 am",True
111,1,Acapulco,10358,16.9200333,-99.8417862,2025-12-05 10:28:00,"Dec 5, 2025 10:39 am",True
1499,3,Iguala,312,,,2025-12-05 10:28:00,"Dec 5, 2025 10:31 am",False
208,1,Acapulco,7,,,2025-12-05 10:28:00,"Dec 5, 2025 10:28 am",False
120,1,Acapulco,10414,,,2025-12-05 10:28:00,"Dec 5, 2025 11:07 am",False
1499,3,Iguala,311,,,2025-12-05 10:28:00,"Dec 5, 2025 10:31 am",False
1,1,Acapulco,10105,,,2025-12-05 10:28:00,"Dec 5, 2025 10:29 am",False
1,1,Acapulco,10105,,,2025-12-05 10:29:00,"Dec 5, 2025 10:29 am",False
305,1,Acapulco,10112,,,2025-12-05 10:29:00,"Dec 5, 2025 10:29 am",False
157,1,Acapulco,101720,,,2025-12-05 10:30:00,"Dec 5, 2025 11:12 am",False
1218,2,Chilpancingo,228,17.5627687,-99.4963943,2025-12-05 10:30:00,"Dec 5, 2025 10:32 am",True
157,1,Acapulco,101719,,,2025-12-05 10:30:00,"Dec 5, 2025 10:57 am",False
296,1,Acapulco,10803,,,2025-12-05 10:31:00,"Dec 5, 2025 10:40 am",False
121,1,Acapulco,10355,,,2025-12-05 10:31:00,"Dec 5, 2025 10:31 am",False
1265,2,Chilpancingo,242,17.5380607,-99.5179542,2025-12-05 10:32:00,"Dec 5, 2025 11:07 am",True
1257,2,Chilpancingo,232,17.5449647,-99.4835919,2025-12-05 10:33:00,"Dec 5, 2025 10:39 am",True
112,1,Acapulco,10360,16.9146049,-99.834117,2025-12-05 10:33:00,"Dec 5, 2025 10:46 am",True
1259,2,Chilpancingo,227,17.5439249,-99.5204202,2025-12-05 10:34:00,"Dec 5, 2025 10:51 am",True
1522,3,Iguala,344,18.3270669,-99.5228716,2025-12-05 10:34:00,"Dec 5, 2025 11:18 am",True
1259,2,Chilpancingo,226,17.5439249,-99.5204202,2025-12-05 10:34:00,"Dec 5, 2025 10:48 am",True
278,1,Acapulco,10115,,,2025-12-05 10:34:00,"Dec 5, 2025 11:04 am",False
1499,3,Iguala,312,,,2025-12-05 10:34:00,"Dec 5, 2025 10:36 am",False
1259,2,Chilpancingo,225,17.5439249,-99.5204202,2025-12-05 10:34:00,"Dec 5, 2025 10:49 am",True
1499,3,Iguala,311,,,2025-12-05 10:35:00,"Dec 5, 2025 10:36 am",False
118,1,Acapulco,10403,,,2025-12-05 10:35:00,"Dec 5, 2025 10:52 am",False
1492,3,Iguala,317,18.3453803,-99.5348057,2025-12-05 10:36:00,"Dec 5, 2025 10:39 am",True
1492,3,Iguala,314,18.3453803,-99.5348057,2025-12-05 10:36:00,"Dec 5, 2025 10:40 am",True
1492,3,Iguala,318,18.3453803,-99.5348057,2025-12-05 10:36:00,"Dec 5, 2025 10:54 am",True
1270,2,Chilpancingo,2310,,,2025-12-05 10:36:00,"Dec 5, 2025 10:36 am",False
136,1,Acapulco,10411,,,2025-12-05 10:36:00,"Dec 5, 2025 10:48 am",False
1492,3,Iguala,313,18.3453803,-99.5348057,2025-12-05 10:36:00,"Dec 5, 2025 11:05 am",True
1492,3,Iguala,313,,,2025-12-05 10:36:00,"Dec 5, 2025 10:36 am",False
114,1,Acapulco,10401,,,2025-12-05 10:37:00,"Dec 5, 2025 10:39 am",False
1499,3,Iguala,311,,,2025-12-05 10:37:00,"Dec 5, 2025 10:38 am",False
1,3,Iguala,315,18.3453603,-99.536755,2025-12-05 10:38:00,"Dec 5, 2025 11:19 am",True
1499,3,Iguala,312,,,2025-12-05 10:38:00,"Dec 5, 2025 10:38 am",False
208,1,Acapulco,1017187,16.8809706,-99.8148529,2025-12-05 10:38:00,"Dec 5, 2025 10:39 am",True
2831,3,Iguala,1238,18.3160056,-99.5659571,2025-12-05 10:40:00,"Dec 5, 2025 12:08 pm",True
1257,2,Chilpancingo,234,17.5449647,-99.4835919,2025-12-05 10:44:00,"Dec 5, 2025 11:16 am",True
1218,2,Chilpancingo,228,17.5627687,-99.4963943,2025-12-05 10:39:00,"Dec 5, 2025 10:52 am",True
2831,3,Iguala,1236,,,2025-12-05 10:39:00,"Dec 5, 2025 10:39 am",False
2831,3,Iguala,1235,18.3269086,-99.5534406,2025-12-05 10:39:00,"Dec 5, 2025 11:27 am",True
157,3,Iguala,3410,,,2025-12-05 10:37:00,"Dec 5, 2025 10:37 am",False
2831,3,Iguala,1233,,,2025-12-05 10:39:00,"Dec 5, 2025 10:39 am",False
171,1,Acapulco,10340,,,2025-12-05 10:39:00,"Dec 5, 2025 10:49 am",False
278,1,Acapulco,110116,,,2025-12-05 10:39:00,"Dec 5, 2025 10:39 am",False
2831,3,Iguala,1232,,,2025-12-05 10:40:00,"Dec 5, 2025 10:40 am",False
2831,3,Iguala,12310,18.3276701,-99.5587521,2025-12-05 10:40:00,"Dec 5, 2025 11:39 am",True
278,1,Acapulco,10116,16.8647984,-99.8606017,2025-12-05 10:40:00,"Dec 5, 2025 10:50 am",True
142,1,Acapulco,10353,,,2025-12-05 10:40:00,"Dec 5, 2025 10:55 am",False
2831,3,Iguala,12311,18.3160056,-99.5659571,2025-12-05 10:40:00,"Dec 5, 2025 11:36 am",True
1,1,Acapulco,10106,16.8754687,-99.8246079,2025-12-05 10:33:00,"Dec 5, 2025 10:54 am",True
133,1,Acapulco,10408,,,2025-12-05 10:40:00,"Dec 5, 2025 10:40 am",False
19,1,Acapulco,10515,,,2025-12-05 10:41:00,"Dec 5, 2025 10:45 am",False
133,1,Acapulco,10407,,,2025-12-05 10:41:00,"Dec 5, 2025 10:41 am",False
2831,3,Iguala,12309,18.3160056,-99.5659571,2025-12-05 10:41:00,"Dec 5, 2025 12:02 pm",True
114,1,Acapulco,10401,,,2025-12-05 10:41:00,"Dec 5, 2025 10:56 am",False
2831,3,Iguala,1231,18.3160056,-99.5659571,2025-12-05 10:41:00,"Dec 5, 2025 11:53 am",True
278,1,Acapulco,10118,,,2025-12-05 10:42:00,"Dec 5, 2025 11:07 am",False
25,1,Acapulco,25,16.8639515,-99.8822807,2025-12-05 10:42:00,"Dec 5, 2025 11:00 am",True
296,1,Acapulco,10803,,,2025-12-05 10:43:00,"Dec 5, 2025 10:53 am",False
171,1,Acapulco,10341,,,2025-12-05 10:43:00,"Dec 5, 2025 10:52 am",False
31,1,Acapulco,10507,,,2025-12-05 10:43:00,"Dec 5, 2025 11:03 am",False
1499,3,Iguala,311,,,2025-12-05 10:43:00,"Dec 5, 2025 10:44 am",False
2835,1,Acapulco,10348,,,2025-12-05 10:43:00,"Dec 5, 2025 10:57 am",False
113,1,Acapulco,10410,19.4400814,-99.1299452,2025-12-05 10:43:00,"Dec 5, 2025 11:01 am",True
247,1,Acapulco,10103,,,2025-12-05 10:44:00,"Dec 5, 2025 10:44 am",False
1492,3,Iguala,3111,18.3507619,-99.5315875,2025-12-05 10:44:00,"Dec 5, 2025 11:01 am",True
1492,3,Iguala,3110,18.3533633,-99.5308463,2025-12-05 10:44:00,"Dec 5, 2025 11:03 am",True
1265,2,Chilpancingo,243,,,2025-12-05 10:44:00,"Dec 5, 2025 11:00 am",False
1521,3,Iguala,346,18.3335455,-99.5235479,2025-12-05 10:44:00,"Dec 5, 2025 10:47 am",True
278,1,Acapulco,10114,,,2025-12-05 10:45:00,"Dec 5, 2025 11:03 am",False
1492,3,Iguala,319,18.3533633,-99.5308463,2025-12-05 10:44:00,"Dec 5, 2025 11:02 am",True
1521,3,Iguala,348,18.3335455,-99.5235479,2025-12-05 10:44:00,"Dec 5, 2025 11:22 am",True
1492,3,Iguala,316,,,2025-12-05 10:45:00,"Dec 5, 2025 10:45 am",False
26,1,Acapulco,29,,,2025-12-05 10:45:00,"Dec 5, 2025 10:45 am",False
1521,3,Iguala,3411,18.3335455,-99.5235479,2025-12-05 10:45:00,"Dec 5, 2025 11:07 am",True
247,1,Acapulco,10101,29.69085722,-97.69863365,2025-12-05 10:45:00,"Dec 5, 2025 11:09 am",True
1521,3,Iguala,347,18.3335455,-99.5235479,2025-12-05 10:45:00,"Dec 5, 2025 11:09 am",True
181,1,Acapulco,10405,,,2025-12-05 10:46:00,"Dec 5, 2025 10:46 am",False
1265,2,Chilpancingo,248,17.5498759,-99.4868793,2025-12-05 10:46:00,"Dec 5, 2025 11:00 am",True
1521,3,Iguala,349,18.3335455,-99.5235479,2025-12-05 10:46:00,"Dec 5, 2025 11:01 am",True
1522,3,Iguala,341,18.3270669,-99.5228716,2025-12-05 10:46:00,"Dec 5, 2025 10:52 am",True
118,1,Acapulco,10403,,,2025-12-05 10:47:00,"Dec 5, 2025 10:47 am",False
1492,3,Iguala,316,,,2025-12-05 10:47:00,"Dec 5, 2025 11:01 am",False
181,1,Acapulco,10405,,,2025-12-05 10:48:00,"Dec 5, 2025 10:48 am",False
118,1,Acapulco,10403,,,2025-12-05 10:48:00,"Dec 5, 2025 11:43 am",False
1521,3,Iguala,3410,18.3335455,-99.5235479,2025-12-05 10:46:00,"Dec 5, 2025 11:15 am",True
1270,2,Chilpancingo,3211,17.5385732,-99.4794354,2025-12-05 10:48:00,"Dec 5, 2025 11:01 am",True
1527,3,Iguala,203,,,2025-12-05 10:48:00,"Dec 5, 2025 10:49 am",False
1527,3,Iguala,321,,,2025-12-05 10:48:00,"Dec 5, 2025 10:49 am",False
208,1,Acapulco,101717,,,2025-12-05 10:48:00,"Dec 5, 2025 10:48 am",False
1527,3,Iguala,326,,,2025-12-05 10:48:00,"Dec 5, 2025 10:50 am",False
278,1,Acapulco,10117,,,2025-12-05 10:49:00,"Dec 5, 2025 11:09 am",False
1522,3,Iguala,343,,,2025-12-05 10:49:00,"Dec 5, 2025 11:17 am",False
1271,2,Chilpancingo,239,,,2025-12-05 10:50:00,"Dec 5, 2025 11:23 am",False
1259,2,Chilpancingo,225,,,2025-12-05 10:50:00,"Dec 5, 2025 10:50 am",False
1499,3,Iguala,312,,,2025-12-05 10:50:00,"Dec 5, 2025 10:51 am",False
1527,3,Iguala,203,,,2025-12-05 10:51:00,"Dec 5, 2025 10:51 am",False
208,1,Acapulco,101717,16.8105062,-99.8164983,2025-12-05 10:51:00,"Dec 5, 2025 11:09 am",True
120,1,Acapulco,10413,,,2025-12-05 10:51:00,"Dec 5, 2025 11:04 am",False
208,1,Acapulco,101717167,,,2025-12-05 10:52:00,"Dec 5, 2025 11:23 am",False
1259,2,Chilpancingo,226,,,2025-12-05 10:52:00,"Dec 5, 2025 11:05 am",False
208,1,Acapulco,101717167,,,2025-12-05 10:52:00,"Dec 5, 2025 10:52 am",False
1521,3,Iguala,346,18.3335455,-99.5235479,2025-12-05 10:52:00,"Dec 5, 2025 11:10 am",True
113,1,Acapulco,10410,,,2025-12-05 10:52:00,"Dec 5, 2025 11:17 am",False
208,1,Acapulco,101717167,16.8809706,-99.8148529,2025-12-05 10:52:00,"Dec 5, 2025 11:08 am",True
2822,2,Chilpancingo,327,17.5595976,-99.5320243,2025-12-05 10:52:00,"Dec 5, 2025 11:27 am",True
1499,3,Iguala,311,,,2025-12-05 10:52:00,"Dec 5, 2025 11:05 am",False
171,1,Acapulco,10340,,,2025-12-05 10:52:00,"Dec 5, 2025 11:02 am",False
1527,3,Iguala,326,,,2025-12-05 10:53:00,"Dec 5, 2025 11:06 am",False
1259,2,Chilpancingo,223,17.5439249,-99.5204202,2025-12-05 10:53:00,"Dec 5, 2025 11:06 am",True
124,1,Acapulco,10513,16.9083195,-99.9547946,2025-12-05 10:53:00,"Dec 5, 2025 11:15 am",True
2835,1,Acapulco,10346,,,2025-12-05 10:53:00,"Dec 5, 2025 11:36 am",False
171,1,Acapulco,10342,,,2025-12-05 10:53:00,"Dec 5, 2025 11:13 am",False
1527,3,Iguala,325,18.3401635,-99.5330886,2025-12-05 10:53:00,"Dec 5, 2025 11:10 am",True
165,1,Acapulco,10365,,,2025-12-05 10:53:00,"Dec 5, 2025 11:11 am",False
1492,3,Iguala,327,18.3453803,-99.5348057,2025-12-05 10:54:00,"Dec 5, 2025 11:42 am",True
142,1,Acapulco,10354,,,2025-12-05 10:54:00,"Dec 5, 2025 11:12 am",False
157,1,Acapulco,101720,,,2025-12-05 10:55:00,"Dec 5, 2025 11:09 am",False
2822,2,Chilpancingo,236,,,2025-12-05 10:55:00,"Dec 5, 2025 11:28 am",False
1522,3,Iguala,341,,,2025-12-05 10:55:00,"Dec 5, 2025 10:55 am",False
1492,3,Iguala,3112,18.3533633,-99.5308463,2025-12-05 10:55:00,"Dec 5, 2025 11:21 am",True
305,1,Acapulco,10110,,,2025-12-05 10:55:00,"Dec 5, 2025 10:56 am",False
171,1,Acapulco,10341,,,2025-12-05 10:57:00,"Dec 5, 2025 11:11 am",False
1522,3,Iguala,341,18.3238304,-99.5270232,2025-12-05 10:57:00,"Dec 5, 2025 11:03 am",True
1271,2,Chilpancingo,238,17.5254015,-99.4794237,2025-12-05 10:57:00,"Dec 5, 2025 11:01 am",True
1259,2,Chilpancingo,227,17.5439249,-99.5204202,2025-12-05 10:58:00,"Dec 5, 2025 11:08 am",True
145,1,Acapulco,10361,,,2025-12-05 10:58:00,"Dec 5, 2025 11:20 am",False
296,1,Acapulco,10803,,,2025-12-05 10:59:00,"Dec 5, 2025 11:05 am",False
145,1,Acapulco,10362,,,2025-12-05 10:59:00,"Dec 5, 2025 11:13 am",False
1218,2,Chilpancingo,228,17.562666,-99.4964387,2025-12-05 10:59:00,"Dec 5, 2025 11:06 am",True
229,1,Acapulco,10345,,,2025-12-05 10:59:00,"Dec 5, 2025 11:13 am",False
1226,2,Chilpancingo,210,17.5591677,-99.5033829,2025-12-05 10:59:00,"Dec 5, 2025 11:20 am",True
145,1,Acapulco,10351,,,2025-12-05 10:59:00,"Dec 5, 2025 11:36 am",False
2822,2,Chilpancingo,235,17.5595976,-99.5320243,2025-12-05 10:59:00,"Dec 5, 2025 11:28 am",True
256,1,Acapulco,10804,,,2025-12-05 10:59:00,"Dec 5, 2025 11:17 am",False
21,1,Acapulco,10512,16.8764311,-99.9093973,2025-12-05 11:00:00,"Dec 5, 2025 11:18 am",True
157,1,Acapulco,101719,,,2025-12-05 11:01:00,"Dec 5, 2025 11:10 am",False
136,1,Acapulco,10411,,,2025-12-05 11:01:00,"Dec 5, 2025 11:18 am",False
2835,1,Acapulco,1034,,,2025-12-05 11:02:00,"Dec 5, 2025 11:13 am",False
181,1,Acapulco,10405,,,2025-12-05 11:02:00,"Dec 5, 2025 11:15 am",False
142,1,Acapulco,10352,,,2025-12-05 11:02:00,"Dec 5, 2025 11:03 am",False
114,1,Acapulco,10402,,,2025-12-05 11:02:00,"Dec 5, 2025 11:18 am",False
306,1,Acapulco,10802,16.8335532,-99.8005053,2025-12-05 11:03:00,"Dec 5, 2025 11:36 am",True
1492,3,Iguala,319,18.3533633,-99.5308463,2025-12-05 11:04:00,"Dec 5, 2025 11:09 am",True
1492,3,Iguala,316,,,2025-12-05 11:04:00,"Dec 5, 2025 11:06 am",False
1492,3,Iguala,3110,18.3533633,-99.5308463,2025-12-05 11:04:00,"Dec 5, 2025 11:10 am",True
1223,2,Chilpancingo,1222,17.5578386,-99.5109173,2025-12-05 11:04:00,"Dec 5, 2025 11:14 am",True
229,1,Acapulco,10343,,,2025-12-05 11:04:00,"Dec 5, 2025 11:17 am",False
207,1,Acapulco,101709,,,2025-12-05 11:05:00,"Dec 5, 2025 11:05 am",False
278,1,Acapulco,10113,,,2025-12-05 11:05:00,"Dec 5, 2025 11:25 am",False
1522,3,Iguala,431,18.3270669,-99.5228716,2025-12-05 11:05:00,"Dec 5, 2025 11:13 am",True
207,1,Acapulco,101709,,,2025-12-05 11:05:00,"Dec 5, 2025 11:36 am",False
120,1,Acapulco,10413,,,2025-12-05 11:06:00,"Dec 5, 2025 11:07 am",False
271,1,Acapulco,10805,16.8709042,-99.8731384,2025-12-05 11:06:00,"Dec 5, 2025 11:19 am",True
296,1,Acapulco,10803,16.8528209,-99.8140209,2025-12-05 11:06:00,"Dec 5, 2025 11:14 am",True
25,1,Acapulco,25,16.8639515,-99.8822807,2025-12-05 11:06:00,"Dec 5, 2025 11:25 am",True
17,1,Acapulco,10509,,,2025-12-05 11:06:00,"Dec 5, 2025 11:24 am",False
121,1,Acapulco,10355,,,2025-12-05 11:06:00,"Dec 5, 2025 11:15 am",False
121,1,Acapulco,10355,,,2025-12-05 11:06:00,"Dec 5, 2025 11:06 am",False
142,1,Acapulco,10352,,,2025-12-05 11:06:00,"Dec 5, 2025 11:06 am",False
1218,2,Chilpancingo,228,17.5627687,-99.4963943,2025-12-05 11:06:00,"Dec 5, 2025 11:17 am",True
305,1,Acapulco,10111,,,2025-12-05 11:06:00,"Dec 5, 2025 12:36 pm",False
305,1,Acapulco,10111,,,2025-12-05 11:07:00,"Dec 5, 2025 11:07 am",False
25,1,Acapulco,21,16.8639515,-99.8822807,2025-12-05 11:07:00,"Dec 5, 2025 11:22 am",True
1492,3,Iguala,316,,,2025-12-05 11:07:00,"Dec 5, 2025 11:17 am",False
1,1,Acapulco,10105,16.8772698,-99.8184211,2025-12-05 11:07:00,"Dec 5, 2025 11:24 am",True
1499,3,Iguala,311,,,2025-12-05 11:08:00,"Dec 5, 2025 11:08 am",False
1499,3,Iguala,312,,,2025-12-05 11:08:00,"Dec 5, 2025 11:08 am",False
120,1,Acapulco,10414,,,2025-12-05 11:08:00,"Dec 5, 2025 11:20 am",False
1492,3,Iguala,3111,18.3504623,-99.5301512,2025-12-05 11:08:00,"Dec 5, 2025 11:10 am",True
121,1,Acapulco,10357,,,2025-12-05 11:08:00,"Dec 5, 2025 11:21 am",False
1492,3,Iguala,314,18.3453803,-99.5348057,2025-12-05 11:09:00,"Dec 5, 2025 11:22 am",True
1499,3,Iguala,311,,,2025-12-05 11:09:00,"Dec 5, 2025 11:09 am",False
1527,3,Iguala,321,,,2025-12-05 11:09:00,"Dec 5, 2025 11:10 am",False
142,1,Acapulco,10353,,,2025-12-05 11:09:00,"Dec 5, 2025 11:21 am",False
165,1,Acapulco,10364,,,2025-12-05 11:09:00,"Dec 5, 2025 11:30 am",False
1499,3,Iguala,312,,,2025-12-05 11:09:00,"Dec 5, 2025 11:10 am",False
2835,1,Acapulco,10348,,,2025-12-05 11:10:00,"Dec 5, 2025 11:32 am",False
19,1,Acapulco,10505,,,2025-12-05 11:10:00,"Dec 5, 2025 11:23 am",False
157,1,Acapulco,101720,16.8971664,-99.8201474,2025-12-05 11:10:00,"Dec 5, 2025 11:28 am",True
158,1,Acapulco,101706,,,2025-12-05 11:10:00,"Dec 5, 2025 11:10 am",False
1492,3,Iguala,3110,18.3533633,-99.5308463,2025-12-05 11:10:00,"Dec 5, 2025 11:25 am",True
158,1,Acapulco,101706,,,2025-12-05 11:11:00,"Dec 5, 2025 11:11 am",False
1492,3,Iguala,315,18.3453803,-99.5348057,2025-12-05 11:11:00,"Dec 5, 2025 11:29 am",True
31,1,Acapulco,10507,16.8639515,-99.8822807,2025-12-05 11:11:00,"Dec 5, 2025 11:27 am",True
1492,3,Iguala,3111,18.3504623,-99.5301512,2025-12-05 11:11:00,"Dec 5, 2025 11:38 am",True
1492,3,Iguala,319,18.3533633,-99.5308463,2025-12-05 11:11:00,"Dec 5, 2025 11:16 am",True
208,1,Acapulco,101717,16.8104568,-99.816447,2025-12-05 11:11:00,"Dec 5, 2025 11:21 am",True
158,1,Acapulco,101706,,,2025-12-05 11:11:00,"Dec 5, 2025 11:11 am",False
1265,2,Chilpancingo,244,,,2025-12-05 11:12:00,"Dec 5, 2025 11:21 am",False
1265,2,Chilpancingo,244,,,2025-12-05 11:12:00,"Dec 5, 2025 11:12 am",False
1521,3,Iguala,346,18.3335455,-99.5235479,2025-12-05 11:12:00,"Dec 5, 2025 11:21 am",True
157,1,Acapulco,101719,,,2025-12-05 11:12:00,"Dec 5, 2025 11:30 am",False
1,1,Acapulco,101711,15.1262219,-90.1809493,2025-12-05 11:13:00,"Dec 5, 2025 11:29 am",True
157,1,Acapulco,101719,,,2025-12-05 11:13:00,"Dec 5, 2025 11:13 am",False
157,1,Acapulco,101720,,,2025-12-05 11:14:00,"Dec 5, 2025 11:14 am",False
125,1,Acapulco,10508,,,2025-12-05 11:14:00,"Dec 5, 2025 11:25 am",False
31,1,Acapulco,1501,16.870351,-99.9344646,2025-12-05 11:15:00,"Dec 5, 2025 11:50 am",True
165,1,Acapulco,10363,,,2025-12-05 11:15:00,"Dec 5, 2025 11:35 am",False
133,1,Acapulco,10408,,,2025-12-05 11:15:00,"Dec 5, 2025 11:44 am",False
113,1,Acapulco,10409,19.4400814,-99.1299452,2025-12-05 11:16:00,"Dec 5, 2025 11:29 am",True
1265,2,Chilpancingo,242,17.5380607,-99.5179542,2025-12-05 11:16:00,"Dec 5, 2025 11:35 am",True
121,1,Acapulco,10355,,,2025-12-05 11:17:00,"Dec 5, 2025 11:27 am",False
1527,3,Iguala,324,,,2025-12-05 11:17:00,"Dec 5, 2025 11:18 am",False
1223,2,Chilpancingo,222,17.5578386,-99.5109173,2025-12-05 11:17:00,"Dec 5, 2025 11:38 am",True
229,1,Acapulco,10345,,,2025-12-05 11:18:00,"Dec 5, 2025 11:27 am",False
1499,3,Iguala,312,,,2025-12-05 11:18:00,"Dec 5, 2025 11:28 am",False
1489,3,Iguala,328,18.3527477,-99.5402524,2025-12-05 11:18:00,"Dec 5, 2025 11:21 am",True
1218,2,Chilpancingo,228,17.5628389,-99.4964995,2025-12-05 11:18:00,"Dec 5, 2025 11:33 am",True
1265,2,Chilpancingo,243,,,2025-12-05 11:18:00,"Dec 5, 2025 11:45 am",False
145,1,Acapulco,10362,,,2025-12-05 11:18:00,"Dec 5, 2025 11:44 am",False
265,1,Acapulco,101701,,,2025-12-05 11:19:00,"Dec 5, 2025 11:19 am",False
265,1,Acapulco,101701,,,2025-12-05 11:19:00,"Dec 5, 2025 11:19 am",False
1492,3,Iguala,316,,,2025-12-05 11:19:00,"Dec 5, 2025 11:20 am",False
142,1,Acapulco,10352,,,2025-12-05 11:19:00,"Dec 5, 2025 11:19 am",False
142,1,Acapulco,10352,,,2025-12-05 11:19:00,"Dec 5, 2025 11:19 am",False
136,1,Acapulco,10411,,,2025-12-05 11:19:00,"Dec 5, 2025 11:28 am",False
124,1,Acapulco,10503,16.9083195,-99.9547946,2025-12-05 11:19:00,"Dec 5, 2025 11:58 am",True
1522,3,Iguala,343,18.3270669,-99.5228716,2025-12-05 11:19:00,"Dec 5, 2025 11:28 am",True
1489,3,Iguala,324,18.3448477,-99.5397344,2025-12-05 11:19:00,"Dec 5, 2025 11:24 am",True
157,1,Acapulco,101720,,,2025-12-05 11:20:00,"Dec 5, 2025 11:20 am",False
142,1,Acapulco,10354,,,2025-12-05 11:19:00,"Dec 5, 2025 11:40 am",False
1271,2,Chilpancingo,238,17.5254015,-99.4794237,2025-12-05 11:19:00,"Dec 5, 2025 11:31 am",True
2831,3,Iguala,1232,18.3276701,-99.5587521,2025-12-05 11:20:00,"Dec 5, 2025 12:38 pm",True
1265,2,Chilpancingo,248,,,2025-12-05 11:20:00,"Dec 5, 2025 11:24 am",False
1265,2,Chilpancingo,248,,,2025-12-05 11:20:00,"Dec 5, 2025 11:20 am",False
114,1,Acapulco,10401,,,2025-12-05 11:20:00,"Dec 5, 2025 11:39 am",False
265,1,Acapulco,101701,,,2025-12-05 11:20:00,"Dec 5, 2025 11:42 am",False
271,1,Acapulco,10805,16.8709042,-99.8731384,2025-12-05 11:20:00,"Dec 5, 2025 11:35 am",True
192,1,Acapulco,101711,,,2025-12-05 11:21:00,"Dec 5, 2025 11:40 am",False
1492,3,Iguala,316,,,2025-12-05 11:21:00,"Dec 5, 2025 11:33 am",False
1492,3,Iguala,313,18.3453803,-99.5348057,2025-12-05 11:21:00,"Dec 5, 2025 11:32 am",True
208,1,Acapulco,101717167,16.8824475,-99.8214067,2025-12-05 11:21:00,"Dec 5, 2025 11:42 am",True
296,1,Acapulco,10803,15.8507634,-97.0543926,2025-12-05 11:21:00,"Dec 5, 2025 11:30 am",True
256,1,Acapulco,10804,,,2025-12-05 11:21:00,"Dec 5, 2025 11:34 am",False
145,1,Acapulco,10361,,,2025-12-05 11:21:00,"Dec 5, 2025 11:31 am",False
1257,2,Chilpancingo,232,17.5449647,-99.4835919,2025-12-05 11:21:00,"Dec 5, 2025 11:47 am",True
157,1,Acapulco,101719,,,2025-12-05 11:21:00,"Dec 5, 2025 11:31 am",False
16,3,Iguala,203,,,2025-12-05 11:21:00,"Dec 5, 2025 11:35 am",False
113,1,Acapulco,10409,,,2025-12-05 11:21:00,"Dec 5, 2025 11:35 am",False
2831,3,Iguala,1233,18.3269086,-99.5534406,2025-12-05 11:21:00,"Dec 5, 2025 12:49 pm",True
2831,3,Iguala,1236,18.3276701,-99.5587521,2025-12-05 11:22:00,"Dec 5, 2025 12:24 pm",True
265,1,Acapulco,101701,16.872208,-99.8169341,2025-12-05 11:22:00,"Dec 5, 2025 11:35 am",True
1257,2,Chilpancingo,234,17.5449647,-99.4835919,2025-12-05 11:26:00,"Dec 5, 2025 11:55 am",True
1492,3,Iguala,3112,18.3533633,-99.5308463,2025-12-05 11:22:00,"Dec 5, 2025 11:50 am",True
1527,3,Iguala,326,,,2025-12-05 11:22:00,"Dec 5, 2025 11:34 am",False
208,1,Acapulco,101717,16.8104568,-99.816447,2025-12-05 11:22:00,"Dec 5, 2025 11:35 am",True
1259,2,Chilpancingo,225,17.5397989,-99.5211753,2025-12-05 11:23:00,"Dec 5, 2025 11:40 am",True
1,3,Iguala,315,18.3453803,-99.5348057,2025-12-05 11:23:00,"Dec 5, 2025 11:25 am",True
1522,3,Iguala,345,,,2025-12-05 11:23:00,"Dec 5, 2025 11:33 am",False
1259,2,Chilpancingo,227,17.5397989,-99.5211753,2025-12-05 11:23:00,"Dec 5, 2025 11:40 am",True
1259,2,Chilpancingo,226,17.5397989,-99.5211753,2025-12-05 11:23:00,"Dec 5, 2025 11:39 am",True
1499,3,Iguala,311,,,2025-12-05 11:23:00,"Dec 5, 2025 11:32 am",False
19,1,Acapulco,10505,,,2025-12-05 11:24:00,"Dec 5, 2025 11:35 am",False
158,1,Acapulco,101705,,,2025-12-05 11:24:00,"Dec 5, 2025 11:37 am",False
124,1,Acapulco,10513,16.9083195,-99.9547946,2025-12-05 11:24:00,"Dec 5, 2025 11:38 am",True
1271,2,Chilpancingo,239,,,2025-12-05 11:25:00,"Dec 5, 2025 11:45 am",False
1489,3,Iguala,324,18.3527477,-99.5402524,2025-12-05 11:25:00,"Dec 5, 2025 11:36 am",True
157,1,Acapulco,101720,,,2025-12-05 11:26:00,"Dec 5, 2025 11:41 am",False
265,1,Acapulco,101702,,,2025-12-05 11:25:00,"Dec 5, 2025 11:59 am",False
121,1,Acapulco,10356,,,2025-12-05 11:26:00,"Dec 5, 2025 11:43 am",False
7,1,Acapulco,101716,,,2025-12-05 11:26:00,"Dec 5, 2025 11:26 am",False
181,1,Acapulco,10405,,,2025-12-05 11:26:00,"Dec 5, 2025 11:27 am",False
17,1,Acapulco,10509,,,2025-12-05 11:26:00,"Dec 5, 2025 11:38 am",False
1492,3,Iguala,315,,,2025-12-05 11:26:00,"Dec 5, 2025 11:28 am",False
1527,3,Iguala,321,,,2025-12-05 11:27:00,"Dec 5, 2025 11:37 am",False
7,1,Acapulco,101716,16.8991451,-99.818104,2025-12-05 11:27:00,"Dec 5, 2025 11:42 am",True
1492,3,Iguala,3110,18.3533633,-99.5308463,2025-12-05 11:27:00,"Dec 5, 2025 11:34 am",True
105,1,Acapulco,27,,,2025-12-05 11:28:00,"Dec 5, 2025 11:43 am",False
105,1,Acapulco,22,,,2025-12-05 11:28:00,"Dec 5, 2025 11:28 am",False
185,1,Acapulco,10806,,,2025-12-05 11:28:00,"Dec 5, 2025 11:58 am",False
101715,1,Acapulco,101715,16.8991451,-99.818104,2025-12-05 11:28:00,"Dec 5, 2025 11:57 am",True
105,1,Acapulco,31,,,2025-12-05 11:28:00,"Dec 5, 2025 11:28 am",False
1265,2,Chilpancingo,248,,,2025-12-05 11:29:00,"Dec 5, 2025 11:31 am",False
181,1,Acapulco,10405,,,2025-12-05 11:29:00,"Dec 5, 2025 11:57 am",False
1210,2,Chilpancingo,218,17.5508259,-99.5014623,2025-12-05 11:29:00,"Dec 5, 2025 11:47 am",True
105,1,Acapulco,22,,,2025-12-05 11:29:00,"Dec 5, 2025 11:53 am",False
1210,2,Chilpancingo,2110,17.5508259,-99.5014623,2025-12-05 11:29:00,"Dec 5, 2025 12:06 pm",True
1210,2,Chilpancingo,216,17.4391926,-99.5450974,2025-12-05 11:29:00,"Dec 5, 2025 11:56 am",True
1210,2,Chilpancingo,217,17.5508259,-99.5014623,2025-12-05 11:30:00,"Dec 5, 2025 11:51 am",True
1521,3,Iguala,346,18.336062,-99.5245905,2025-12-05 11:30:00,"Dec 5, 2025 11:51 am",True
1492,3,Iguala,319,,,2025-12-05 11:30:00,"Dec 5, 2025 11:31 am",False
1521,3,Iguala,3411,18.336062,-99.5245905,2025-12-05 11:30:00,"Dec 5, 2025 11:45 am",True
17,1,Acapulco,10501,,,2025-12-05 11:30:00,"Dec 5, 2025 11:41 am",False
1265,2,Chilpancingo,245,17.5508259,-99.5014623,2025-12-05 11:30:00,"Dec 5, 2025 11:39 am",True
1492,3,Iguala,315,18.3448619,-99.5397887,2025-12-05 11:31:00,"Dec 5, 2025 11:58 am",True
1210,2,Chilpancingo,213,17.5601285,-99.5033589,2025-12-05 11:31:00,"Dec 5, 2025 11:51 am",True
2831,3,Iguala,1234,18.3160056,-99.5659571,2025-12-05 11:31:00,"Dec 5, 2025 12:02 pm",True
1499,3,Iguala,312,,,2025-12-05 11:31:00,"Dec 5, 2025 11:31 am",False
229,1,Acapulco,10344,,,2025-12-05 11:31:00,"Dec 5, 2025 11:42 am",False
1489,3,Iguala,329,18.3527477,-99.5402524,2025-12-05 11:31:00,"Dec 5, 2025 12:00 pm",True
21,1,Acapulco,10512,16.8763735,-99.9099558,2025-12-05 11:31:00,"Dec 5, 2025 11:57 am",True
120,1,Acapulco,10413,,,2025-12-05 11:31:00,"Dec 5, 2025 11:57 am",False
105,1,Acapulco,26,,,2025-12-05 11:31:00,"Dec 5, 2025 11:43 am",False
296,1,Acapulco,10803,16.8528721,-99.8152383,2025-12-05 11:31:00,"Dec 5, 2025 11:38 am",True
1492,3,Iguala,319,,,2025-12-05 11:31:00,"Dec 5, 2025 11:54 am",False
2822,2,Chilpancingo,231,,,2025-12-05 11:30:00,"Dec 5, 2025 11:52 am",False
1259,2,Chilpancingo,223,17.5397989,-99.5211753,2025-12-05 11:32:00,"Dec 5, 2025 11:45 am",True
113,1,Acapulco,10410,19.4401725,-99.1297357,2025-12-05 11:33:00,"Dec 5, 2025 11:47 am",True
1499,3,Iguala,312,,,2025-12-05 11:33:00,"Dec 5, 2025 11:34 am",False
2831,3,Iguala,12307,18.3160056,-99.5659571,2025-12-05 11:33:00,"Dec 5, 2025 12:01 pm",True
247,1,Acapulco,10101,,,2025-12-05 11:33:00,"Dec 5, 2025 12:03 pm",False
207,1,Acapulco,101710,,,2025-12-05 11:33:00,"Dec 5, 2025 11:45 am",False
31,1,Acapulco,10507,16.8639515,-99.8822807,2025-12-05 11:33:00,"Dec 5, 2025 11:47 am",True
247,1,Acapulco,10104,16.8707852,-99.8263654,2025-12-05 11:33:00,"Dec 5, 2025 11:46 am",True
1492,3,Iguala,316,,,2025-12-05 11:34:00,"Dec 5, 2025 11:53 am",False
1499,3,Iguala,311,,,2025-12-05 11:34:00,"Dec 5, 2025 11:35 am",False
1218,2,Chilpancingo,228,17.562795,-99.4969146,2025-12-05 11:34:00,"Dec 5, 2025 11:47 am",True
1265,2,Chilpancingo,248,,,2025-12-05 11:34:00,"Dec 5, 2025 11:48 am",False
1210,2,Chilpancingo,2112,,,2025-12-05 11:34:00,"Dec 5, 2025 11:41 am",False
229,1,Acapulco,10345,,,2025-12-05 11:34:00,"Dec 5, 2025 11:48 am",False
1211,2,Chilpancingo,212,,,2025-12-05 11:34:00,"Dec 5, 2025 12:08 pm",False
1499,3,Iguala,311,,,2025-12-05 11:35:00,"Dec 5, 2025 11:35 am",False
1211,2,Chilpancingo,215,,,2025-12-05 11:35:00,"Dec 5, 2025 12:51 pm",False
192,1,Acapulco,101711,16.8827069,-99.896535,2025-12-05 11:35:00,"Dec 5, 2025 11:59 am",True
279,1,Acapulco,10168,,,2025-12-05 11:35:00,"Dec 5, 2025 11:47 am",False
279,1,Acapulco,10119,,,2025-12-05 11:35:00,"Dec 5, 2025 11:51 am",False
279,1,Acapulco,10120,16.8621151,-99.8422836,2025-12-05 11:35:00,"Dec 5, 2025 11:51 am",True
192,1,Acapulco,101711,16.882977,-99.8969583,2025-12-05 11:35:00,"Dec 5, 2025 11:51 am",True
279,1,Acapulco,10170,15.6890142,-92.3662061,2025-12-05 11:35:00,"Dec 5, 2025 11:54 am",True
279,1,Acapulco,10170,,,2025-12-05 11:35:00,"Dec 5, 2025 11:35 am",False
157,1,Acapulco,101719,,,2025-12-05 11:36:00,"Dec 5, 2025 12:13 pm",False
1521,3,Iguala,348,18.336062,-99.5245905,2025-12-05 11:36:00,"Dec 5, 2025 11:47 am",True
229,1,Acapulco,10343,,,2025-12-05 11:36:00,"Dec 5, 2025 11:43 am",False
1271,2,Chilpancingo,238,17.5254015,-99.4794237,2025-12-05 11:36:00,"Dec 5, 2025 11:48 am",True
19,1,Acapulco,10504,,,2025-12-05 11:36:00,"Dec 5, 2025 11:48 am",False
19,1,Acapulco,10505,,,2025-12-05 11:36:00,"Dec 5, 2025 11:45 am",False
279,1,Acapulco,10171,,,2025-12-05 11:36:00,"Dec 5, 2025 11:54 am",False
2835,1,Acapulco,10346,,,2025-12-05 11:37:00,"Dec 5, 2025 11:39 am",False
1521,3,Iguala,349,18.336062,-99.5245905,2025-12-05 11:37:00,"Dec 5, 2025 11:51 am",True
1521,3,Iguala,347,18.336062,-99.5245905,2025-12-05 11:37:00,"Dec 5, 2025 11:52 am",True
265,1,Acapulco,101701,16.872208,-99.8169341,2025-12-05 11:37:00,"Dec 5, 2025 12:08 pm",True
1527,3,Iguala,325,18.3392324,-99.5365356,2025-12-05 11:38:00,"Dec 5, 2025 11:45 am",True
1489,3,Iguala,328,18.3521757,-99.5398833,2025-12-05 11:38:00,"Dec 5, 2025 11:50 am",True
121,1,Acapulco,10357,,,2025-12-05 11:38:00,"Dec 5, 2025 11:49 am",False
1489,3,Iguala,327,,,2025-12-05 11:39:00,"Dec 5, 2025 11:46 am",False
296,1,Acapulco,10803,16.8528721,-99.8152383,2025-12-05 11:39:00,"Dec 5, 2025 11:47 am",True
207,1,Acapulco,101709,16.8827783,-99.8200679,2025-12-05 11:39:00,"Dec 5, 2025 11:57 am",True
1223,2,Chilpancingo,222,17.5571854,-99.5103227,2025-12-05 11:39:00,"Dec 5, 2025 12:16 pm",True
1521,3,Iguala,3410,18.336062,-99.5245905,2025-12-05 11:37:00,"Dec 5, 2025 11:46 am",True
271,1,Acapulco,10805,16.8709042,-99.8731384,2025-12-05 11:39:00,"Dec 5, 2025 11:57 am",True
124,1,Acapulco,10513,,,2025-12-05 11:39:00,"Dec 5, 2025 11:39 am",False
247,1,Acapulco,10102,,,2025-12-05 11:39:00,"Dec 5, 2025 11:57 am",False
153,1,Acapulco,101716,16.9008359,-99.8196951,2025-12-05 11:39:00,"Dec 5, 2025 12:03 pm",True
158,1,Acapulco,101705,,,2025-12-05 11:39:00,"Dec 5, 2025 11:53 am",False
192,1,Acapulco,101712,,,2025-12-05 11:40:00,"Dec 5, 2025 12:02 pm",False
1270,2,Chilpancingo,231,17.5368969,-99.4762976,2025-12-05 11:40:00,"Dec 5, 2025 12:15 pm",True
192,1,Acapulco,101712,,,2025-12-05 11:40:00,"Dec 5, 2025 12:24 pm",False
1259,2,Chilpancingo,225,17.5397989,-99.5211753,2025-12-05 11:40:00,"Dec 5, 2025 11:49 am",True
208,1,Acapulco,101717167,16.8808121,-99.8163295,2025-12-05 11:41:00,"Dec 5, 2025 12:29 pm",True
1,1,Acapulco,25,16.8639515,-99.8822807,2025-12-05 11:41:00,"Dec 5, 2025 12:03 pm",True
1112,2,Chilpancingo,211,,,2025-12-05 11:41:00,"Dec 5, 2025 11:52 am",False
2835,1,Acapulco,10346,,,2025-12-05 11:41:00,"Dec 5, 2025 11:41 am",False
256,1,Acapulco,10804,,,2025-12-05 11:41:00,"Dec 5, 2025 12:11 pm",False
256,1,Acapulco,10804,,,2025-12-05 11:41:00,"Dec 5, 2025 11:41 am",False
118,1,Acapulco,10404,,,2025-12-05 11:41:00,"Dec 5, 2025 11:55 am",False
114,1,Acapulco,10402,,,2025-12-05 11:41:00,"Dec 5, 2025 11:57 am",False
2822,2,Chilpancingo,237,17.5595976,-99.5320243,2025-12-05 11:41:00,"Dec 5, 2025 12:10 pm",True
2835,1,Acapulco,10348,,,2025-12-05 11:42:00,"Dec 5, 2025 11:44 am",False
157,1,Acapulco,101719,,,2025-12-05 11:42:00,"Dec 5, 2025 12:03 pm",False
2835,1,Acapulco,10346,,,2025-12-05 11:42:00,"Dec 5, 2025 11:59 am",False
1265,2,Chilpancingo,244,,,2025-12-05 11:42:00,"Dec 5, 2025 11:57 am",False
165,1,Acapulco,10365,,,2025-12-05 11:42:00,"Dec 5, 2025 11:52 am",False
1522,3,Iguala,344,18.3270669,-99.5228716,2025-12-05 11:43:00,"Dec 5, 2025 12:00 pm",True
7,1,Acapulco,101716,16.8995028,-99.8180187,2025-12-05 11:43:00,"Dec 5, 2025 11:49 am",True
306,1,Acapulco,10802,16.8347067,-99.800361,2025-12-05 11:43:00,"Dec 5, 2025 12:10 pm",True
2822,2,Chilpancingo,237,,,2025-12-05 11:43:00,"Dec 5, 2025 11:45 am",False
25,1,Acapulco,21,16.8639515,-99.8822807,2025-12-05 11:43:00,"Dec 5, 2025 11:54 am",True
121,1,Acapulco,10,,,2025-12-05 11:43:00,"Dec 5, 2025 11:59 am",False
47,1,Acapulco,10343,,,2025-12-05 11:43:00,"Dec 5, 2025 11:56 am",False
145,1,Acapulco,10351,,,2025-12-05 11:44:00,"Dec 5, 2025 12:03 pm",False
1211,2,Chilpancingo,219,17.5743869,-99.5066158,2025-12-05 11:44:00,"Dec 5, 2025 12:05 pm",True
17,1,Acapulco,10509,,,2025-12-05 11:44:00,"Dec 5, 2025 11:56 am",False
2835,1,Acapulco,10348,,,2025-12-05 11:44:00,"Dec 5, 2025 11:53 am",False
157,1,Acapulco,101720,,,2025-12-05 11:44:00,"Dec 5, 2025 11:55 am",False
165,1,Acapulco,10363,,,2025-12-05 11:44:00,"Dec 5, 2025 12:07 pm",False
118,1,Acapulco,10404,,,2025-12-05 11:45:00,"Dec 5, 2025 11:54 am",False
124,1,Acapulco,10513,16.9083195,-99.9547946,2025-12-05 11:45:00,"Dec 5, 2025 11:53 am",True
2831,3,Iguala,12311,18.3160056,-99.5659571,2025-12-05 11:45:00,"Dec 5, 2025 11:47 am",True
207,1,Acapulco,101710,,,2025-12-05 11:45:00,"Dec 5, 2025 11:54 am",False
125,1,Acapulco,10508,,,2025-12-05 11:45:00,"Dec 5, 2025 11:55 am",False
125,1,Acapulco,10508,,,2025-12-05 11:45:00,"Dec 5, 2025 11:45 am",False
21,1,Acapulco,10511,16.8784515,-99.9103872,2025-12-05 11:46:00,"Dec 5, 2025 12:27 pm",True
19,1,Acapulco,10505,,,2025-12-05 11:46:00,"Dec 5, 2025 11:53 am",False
17,1,Acapulco,1050,16.8808875,-99.9460155,2025-12-05 11:46:00,"Dec 5, 2025 11:56 am",True
181,1,Acapulco,10405,,,2025-12-05 11:46:00,"Dec 5, 2025 11:52 am",False
265,1,Acapulco,101701,,,2025-12-05 11:46:00,"Dec 5, 2025 11:57 am",False
247,1,Acapulco,10103,,,2025-12-05 11:46:00,"Dec 5, 2025 11:47 am",False
120,1,Acapulco,10414,,,2025-12-05 11:46:00,"Dec 5, 2025 11:58 am",False
2831,3,Iguala,12312,18.3276701,-99.5587521,2025-12-05 11:47:00,"Dec 5, 2025 12:25 pm",True
1265,2,Chilpancingo,242,17.5380607,-99.5179542,2025-12-05 11:47:00,"Dec 5, 2025 12:04 pm",True
1226,2,Chilpancingo,210,,,2025-12-05 11:47:00,"Dec 5, 2025 11:52 am",False
133,1,Acapulco,10408,,,2025-12-05 11:47:00,"Dec 5, 2025 11:48 am",False
265,1,Acapulco,101702,,,2025-12-05 11:47:00,"Dec 5, 2025 12:03 pm",False
192,1,Acapulco,101711,16.8829773,-99.8969669,2025-12-05 11:48:00,"Dec 5, 2025 12:14 pm",True
1259,2,Chilpancingo,227,17.5427801,-99.5288417,2025-12-05 11:48:00,"Dec 5, 2025 12:05 pm",True
225,1,Acapulco,101713,,,2025-12-05 11:48:00,"Dec 5, 2025 12:21 pm",False
247,1,Acapulco,10103,16.8707852,-99.8263654,2025-12-05 11:49:00,"Dec 5, 2025 12:17 pm",True
229,1,Acapulco,10344,,,2025-12-05 11:49:00,"Dec 5, 2025 11:58 am",False
1259,2,Chilpancingo,226,17.5427801,-99.5288417,2025-12-05 11:49:00,"Dec 5, 2025 12:05 pm",True
19,1,Acapulco,10505,,,2025-12-05 11:49:00,"Dec 5, 2025 12:11 pm",False
229,1,Acapulco,10345,,,2025-12-05 11:49:00,"Dec 5, 2025 12:06 pm",False
278,1,Acapulco,10117,,,2025-12-05 11:50:00,"Dec 5, 2025 12:00 pm",False
118,1,Acapulco,10404,,,2025-12-05 11:50:00,"Dec 5, 2025 12:21 pm",False
1270,2,Chilpancingo,3211,17.5368969,-99.4762976,2025-12-05 11:50:00,"Dec 5, 2025 12:07 pm",True
1,1,Acapulco,101716,16.8997255,-99.8181277,2025-12-05 11:50:00,"Dec 5, 2025 12:10 pm",True
158,1,Acapulco,101706,,,2025-12-05 11:51:00,"Dec 5, 2025 12:25 pm",False
31,1,Acapulco,10507,16.870351,-99.9344646,2025-12-05 11:52:00,"Dec 5, 2025 12:10 pm",True
1211,2,Chilpancingo,211,,,2025-12-05 11:52:00,"Dec 5, 2025 11:52 am",False
296,1,Acapulco,10803,16.8528855,-99.8152134,2025-12-05 11:52:00,"Dec 5, 2025 12:01 pm",True
1492,3,Iguala,327,,,2025-12-05 11:53:00,"Dec 5, 2025 11:53 am",False
9,1,Acapulco,10515,16.8899593,-99.9455524,2025-12-05 11:53:00,"Dec 5, 2025 12:05 pm",True
1522,3,Iguala,341,18.3290618,-99.5260606,2025-12-05 11:53:00,"Dec 5, 2025 11:54 am",True
111,1,Acapulco,10359,16.916331,-99.8358003,2025-12-05 11:53:00,"Dec 5, 2025 12:09 pm",True
1524,3,Iguala,3410,,,2025-12-05 11:52:00,"Dec 5, 2025 11:53 am",False
113,1,Acapulco,10410,,,2025-12-05 11:54:00,"Dec 5, 2025 12:07 pm",False
111,1,Acapulco,10360,16.9163968,-99.8357251,2025-12-05 11:54:00,"Dec 5, 2025 12:10 pm",True
1259,2,Chilpancingo,223,17.5427801,-99.5288417,2025-12-05 11:55:00,"Dec 5, 2025 12:11 pm",True
1257,2,Chilpancingo,234,17.5449647,-99.4835919,2025-12-05 12:00:00,"Dec 5, 2025 1:12 pm",True
1259,2,Chilpancingo,225,,,2025-12-05 11:55:00,"Dec 5, 2025 12:05 pm",False
1265,2,Chilpancingo,245,17.5364239,-99.5165976,2025-12-05 11:55:00,"Dec 5, 2025 12:03 pm",True
118,1,Acapulco,10404,,,2025-12-05 11:55:00,"Dec 5, 2025 12:10 pm",False
105,1,Acapulco,27,,,2025-12-05 11:55:00,"Dec 5, 2025 12:07 pm",False
113,1,Acapulco,10410,,,2025-12-05 11:56:00,"Dec 5, 2025 12:06 pm",False
111,1,Acapulco,10358,16.9150732,-99.8334195,2025-12-05 11:56:00,"Dec 5, 2025 12:05 pm",True
118,1,Acapulco,10404,,,2025-12-05 11:56:00,"Dec 5, 2025 12:03 pm",False
158,1,Acapulco,101705,16.8639515,-99.8822807,2025-12-05 11:56:00,"Dec 5, 2025 12:16 pm",True
1210,2,Chilpancingo,219,17.5508259,-99.5014623,2025-12-05 11:56:00,"Dec 5, 2025 12:33 pm",True
1265,2,Chilpancingo,248,,,2025-12-05 11:56:00,"Dec 5, 2025 12:12 pm",False
1522,3,Iguala,341,18.3290618,-99.5260606,2025-12-05 11:56:00,"Dec 5, 2025 12:02 pm",True
1522,3,Iguala,341,,,2025-12-05 11:56:00,"Dec 5, 2025 11:56 am",False
192,1,Acapulco,101711,16.882977,-99.8969583,2025-12-05 11:57:00,"Dec 5, 2025 12:09 pm",True
21,1,Acapulco,10511,16.8154361,-99.8084434,2025-12-05 11:57:00,"Dec 5, 2025 12:15 pm",True
17,1,Acapulco,10509,16.8808875,-99.9460155,2025-12-05 11:57:00,"Dec 5, 2025 12:13 pm",True
207,1,Acapulco,101710,16.8864139,-99.8161174,2025-12-05 11:57:00,"Dec 5, 2025 12:14 pm",True
468,1,Acapulco,10169,16.8601579,-99.8438843,2025-12-05 11:57:00,"Dec 5, 2025 12:11 pm",True
247,1,Acapulco,10106,16.8707852,-99.8263654,2025-12-05 11:50:00,"Dec 5, 2025 12:19 pm",True
247,1,Acapulco,10106,,,2025-12-05 11:50:00,"Dec 5, 2025 11:50 am",False
207,1,Acapulco,101709,16.8827783,-99.8200679,2025-12-05 11:57:00,"Dec 5, 2025 12:08 pm",True
2835,1,Acapulco,10347,,,2025-12-05 11:57:00,"Dec 5, 2025 12:06 pm",False
125,1,Acapulco,10508,,,2025-12-05 11:58:00,"Dec 5, 2025 11:58 am",False
225,1,Acapulco,101714,,,2025-12-05 11:58:00,"Dec 5, 2025 12:27 pm",False
1265,2,Chilpancingo,243,,,2025-12-05 11:58:00,"Dec 5, 2025 12:13 pm",False
225,1,Acapulco,101714,,,2025-12-05 11:59:00,"Dec 5, 2025 1:15 pm",False
105,1,Acapulco,22,,,2025-12-05 11:58:00,"Dec 5, 2025 12:18 pm",False
114,1,Acapulco,10401,,,2025-12-05 11:58:00,"Dec 5, 2025 12:17 pm",False
120,1,Acapulco,10414,,,2025-12-05 11:58:00,"Dec 5, 2025 12:09 pm",False
120,1,Acapulco,10413,,,2025-12-05 11:58:00,"Dec 5, 2025 12:12 pm",False
181,1,Acapulco,10045,,,2025-12-05 11:59:00,"Dec 5, 2025 12:05 pm",False
125,1,Acapulco,10508,,,2025-12-05 11:59:00,"Dec 5, 2025 12:22 pm",False
21,1,Acapulco,10512,16.8769129,-99.9100703,2025-12-05 11:59:00,"Dec 5, 2025 12:32 pm",True
271,1,Acapulco,10805,16.8709042,-99.8731384,2025-12-05 11:59:00,"Dec 5, 2025 12:11 pm",True
1211,2,Chilpancingo,2111,,,2025-12-05 12:00:00,"Dec 5, 2025 12:10 pm",False
1210,2,Chilpancingo,217,17.5508259,-99.5014623,2025-12-05 12:00:00,"Dec 5, 2025 12:13 pm",True
157,2,Chilpancingo,232,17.5449647,-99.4835919,2025-12-05 12:00:00,"Dec 5, 2025 12:13 pm",True
2835,1,Acapulco,10346,,,2025-12-05 12:00:00,"Dec 5, 2025 12:30 pm",False
124,1,Acapulco,10503,16.9083195,-99.9547946,2025-12-05 12:00:00,"Dec 5, 2025 12:08 pm",True
1210,2,Chilpancingo,213,,,2025-12-05 12:00:00,"Dec 5, 2025 12:15 pm",False
2822,2,Chilpancingo,236,,,2025-12-05 12:01:00,"Dec 5, 2025 12:17 pm",False
278,1,Acapulco,10118,,,2025-12-05 12:01:00,"Dec 5, 2025 12:14 pm",False
133,1,Acapulco,10408,,,2025-12-05 12:01:00,"Dec 5, 2025 12:19 pm",False
2831,3,Iguala,12310,18.3276701,-99.5587521,2025-12-05 12:03:00,"Dec 5, 2025 12:05 pm",True
192,1,Acapulco,101712,,,2025-12-05 12:04:00,"Dec 5, 2025 12:20 pm",False
278,1,Acapulco,10117,,,2025-12-05 12:04:00,"Dec 5, 2025 12:22 pm",False
296,1,Acapulco,10803,16.8528855,-99.8152134,2025-12-05 12:04:00,"Dec 5, 2025 12:12 pm",True
1265,2,Chilpancingo,242,17.5387679,-99.5211152,2025-12-05 12:05:00,"Dec 5, 2025 12:17 pm",True
1245,2,Chilpancingo,224,17.5476955,-99.4819044,2025-12-05 12:05:00,"Dec 5, 2025 1:11 pm",True
1,1,Acapulco,10404,,,2025-12-05 12:05:00,"Dec 5, 2025 12:12 pm",False
1112,2,Chilpancingo,214,,,2025-12-05 12:05:00,"Dec 5, 2025 12:23 pm",False
153,1,Acapulco,101716,16.9008359,-99.8196951,2025-12-05 12:05:00,"Dec 5, 2025 12:20 pm",True
278,1,Acapulco,10114,,,2025-12-05 12:05:00,"Dec 5, 2025 12:20 pm",False
278,1,Acapulco,10113,,,2025-12-05 12:06:00,"Dec 5, 2025 12:18 pm",False
1245,2,Chilpancingo,233,,,2025-12-05 12:06:00,"Dec 5, 2025 12:19 pm",False
9,1,Acapulco,10510,,,2025-12-05 12:06:00,"Dec 5, 2025 12:25 pm",False
1259,2,Chilpancingo,227,17.5427801,-99.5288417,2025-12-05 12:06:00,"Dec 5, 2025 12:15 pm",True
111,1,Acapulco,10358,16.9152244,-99.8333179,2025-12-05 12:06:00,"Dec 5, 2025 12:17 pm",True
133,1,Acapulco,10407,,,2025-12-05 12:06:00,"Dec 5, 2025 12:33 pm",False
1259,2,Chilpancingo,226,17.5427801,-99.5288417,2025-12-05 12:07:00,"Dec 5, 2025 12:15 pm",True
2831,3,Iguala,1235,18.3276701,-99.5587521,2025-12-05 12:08:00,"Dec 5, 2025 12:30 pm",True
181,1,Acapulco,10405,,,2025-12-05 12:07:00,"Dec 5, 2025 12:29 pm",False
1522,3,Iguala,342,,,2025-12-05 12:08:00,"Dec 5, 2025 12:08 pm",False
207,1,Acapulco,101709,16.8827783,-99.8200679,2025-12-05 12:08:00,"Dec 5, 2025 12:24 pm",True
124,1,Acapulco,10503,16.9083195,-99.9547946,2025-12-05 12:09:00,"Dec 5, 2025 12:44 pm",True
1522,3,Iguala,341,18.3290618,-99.5260606,2025-12-05 12:09:00,"Dec 5, 2025 12:16 pm",True
1522,3,Iguala,341,,,2025-12-05 12:09:00,"Dec 5, 2025 12:09 pm",False
1265,2,Chilpancingo,244,,,2025-12-05 12:09:00,"Dec 5, 2025 12:18 pm",False
305,1,Acapulco,10112,,,2025-12-05 12:09:00,"Dec 5, 2025 12:10 pm",False
305,1,Acapulco,10110,16.8569634,-99.8041245,2025-12-05 12:10:00,"Dec 5, 2025 12:29 pm",True
120,1,Acapulco,10414,,,2025-12-05 12:10:00,"Dec 5, 2025 12:15 pm",False
111,1,Acapulco,10359,16.9149229,-99.8335506,2025-12-05 12:10:00,"Dec 5, 2025 12:28 pm",True
305,1,Acapulco,10108,16.8229448,-99.8104763,2025-12-05 12:11:00,"Dec 5, 2025 12:36 pm",True
305,1,Acapulco,10112,,,2025-12-05 12:11:00,"Dec 5, 2025 12:36 pm",False
111,1,Acapulco,10360,16.9200333,-99.8417862,2025-12-05 12:11:00,"Dec 5, 2025 12:23 pm",True
306,1,Acapulco,10802,16.8328622,-99.8048219,2025-12-05 12:12:00,"Dec 5, 2025 12:32 pm",True
19,1,Acapulco,10504,,,2025-12-05 12:12:00,"Dec 5, 2025 12:32 pm",False
125,1,Acapulco,10502,,,2025-12-05 12:12:00,"Dec 5, 2025 12:42 pm",False
1522,3,Iguala,342,18.3292309,-99.5327579,2025-12-05 12:12:00,"Dec 5, 2025 12:19 pm",True
1259,2,Chilpancingo,223,17.5427801,-99.5288417,2025-12-05 12:12:00,"Dec 5, 2025 12:20 pm",True
19,1,Acapulco,10504,,,2025-12-05 12:12:00,"Dec 5, 2025 12:19 pm",False
120,1,Acapulco,10413,,,2025-12-05 12:12:00,"Dec 5, 2025 12:21 pm",False
265,1,Acapulco,101702,,,2025-12-05 12:12:00,"Dec 5, 2025 12:22 pm",False
1271,2,Chilpancingo,238,17.527457,-99.4823376,2025-12-05 12:13:00,"Dec 5, 2025 12:29 pm",True
1271,2,Chilpancingo,239,,,2025-12-05 12:13:00,"Dec 5, 2025 12:26 pm",False
265,1,Acapulco,101702,,,2025-12-05 12:13:00,"Dec 5, 2025 12:22 pm",False
2835,1,Acapulco,10347,,,2025-12-05 12:13:00,"Dec 5, 2025 12:25 pm",False
1522,3,Iguala,343,,,2025-12-05 12:14:00,"Dec 5, 2025 12:21 pm",False
165,1,Acapulco,10365,,,2025-12-05 12:15:00,"Dec 5, 2025 12:29 pm",False
1524,3,Iguala,3411,18.334665,-99.5304987,2025-12-05 12:15:00,"Dec 5, 2025 12:23 pm",True
1524,3,Iguala,346,18.334665,-99.5304987,2025-12-05 12:15:00,"Dec 5, 2025 12:24 pm",True
1524,3,Iguala,347,18.334665,-99.5304987,2025-12-05 12:15:00,"Dec 5, 2025 12:24 pm",True
1524,3,Iguala,349,18.334665,-99.5304987,2025-12-05 12:15:00,"Dec 5, 2025 12:28 pm",True
181,1,Acapulco,10405,,,2025-12-05 12:16:00,"Dec 5, 2025 12:28 pm",False
1524,3,Iguala,348,18.334665,-99.5304987,2025-12-05 12:16:00,"Dec 5, 2025 12:30 pm",True
296,1,Acapulco,10803,16.8527307,-99.815697,2025-12-05 12:16:00,"Dec 5, 2025 12:24 pm",True
7,1,Acapulco,101715,16.8994966,-99.8182526,2025-12-05 12:16:00,"Dec 5, 2025 12:31 pm",True
123,2,Chilpancingo,222,17.5578386,-99.5109173,2025-12-05 12:17:00,"Dec 5, 2025 12:22 pm",True
208,1,Acapulco,101818,16.8907363,-99.8179714,2025-12-05 12:17:00,"Dec 5, 2025 12:26 pm",True
1524,3,Iguala,3410,18.334665,-99.5304987,2025-12-05 12:15:00,"Dec 5, 2025 12:24 pm",True
278,1,Acapulco,10116,16.8592267,-99.8643675,2025-12-05 12:17:00,"Dec 5, 2025 12:26 pm",True
9,1,Acapulco,10515,16.8899593,-99.9455524,2025-12-05 12:17:00,"Dec 5, 2025 12:36 pm",True
158,1,Acapulco,101705,16.8970065,-99.8208632,2025-12-05 12:17:00,"Dec 5, 2025 12:38 pm",True
1265,2,Chilpancingo,242,17.5380607,-99.5179542,2025-12-05 12:18:00,"Dec 5, 2025 12:19 pm",True
207,1,Acapulco,101710,16.8864139,-99.8161174,2025-12-05 12:18:00,"Dec 5, 2025 12:26 pm",True
207,1,Acapulco,101710,,,2025-12-05 12:18:00,"Dec 5, 2025 12:24 pm",False
113,1,Acapulco,10410,,,2025-12-05 12:18:00,"Dec 5, 2025 12:31 pm",False
278,1,Acapulco,10113,,,2025-12-05 12:19:00,"Dec 5, 2025 12:44 pm",False
17,1,Acapulco,10509,16.8808875,-99.9460155,2025-12-05 12:19:00,"Dec 5, 2025 12:30 pm",True
124,1,Acapulco,10503,16.9083195,-99.9547946,2025-12-05 12:19:00,"Dec 5, 2025 12:27 pm",True
19,1,Acapulco,10504,,,2025-12-05 12:20:00,"Dec 5, 2025 12:26 pm",False
133,1,Acapulco,10408,,,2025-12-05 12:20:00,"Dec 5, 2025 12:28 pm",False
1215,2,Chilpancingo,229,17.5607911,-99.4993487,2025-12-05 12:21:00,"Dec 5, 2025 12:36 pm",True
185,1,Acapulco,10806,,,2025-12-05 12:21:00,"Dec 5, 2025 12:21 pm",False
1522,3,Iguala,345,18.3292309,-99.5327579,2025-12-05 12:22:00,"Dec 5, 2025 12:31 pm",True
305,1,Acapulco,10107,,,2025-12-05 12:22:00,"Dec 5, 2025 12:39 pm",False
185,1,Acapulco,10806,,,2025-12-05 12:22:00,"Dec 5, 2025 12:53 pm",False
113,1,Acapulco,10409,,,2025-12-05 12:22:00,"Dec 5, 2025 12:32 pm",False
136,1,Acapulco,10412,,,2025-12-05 12:22:00,"Dec 5, 2025 12:41 pm",False
153,1,Acapulco,101716,16.9005135,-99.8197087,2025-12-05 12:22:00,"Dec 5, 2025 12:43 pm",True
278,1,Acapulco,10118,,,2025-12-05 12:22:00,"Dec 5, 2025 12:37 pm",False
278,1,Acapulco,10117,,,2025-12-05 12:22:00,"Dec 5, 2025 12:37 pm",False
225,1,Acapulco,101713,,,2025-12-05 12:23:00,"Dec 5, 2025 12:51 pm",False
1223,2,Chilpancingo,222,17.5578386,-99.5109173,2025-12-05 12:23:00,"Dec 5, 2025 1:01 pm",True
9,1,Acapulco,10514,,,2025-12-05 12:23:00,"Dec 5, 2025 12:50 pm",False
165,1,Acapulco,10363,,,2025-12-05 12:24:00,"Dec 5, 2025 12:50 pm",False
207,1,Acapulco,101709,16.8827783,-99.8200679,2025-12-05 12:25:00,"Dec 5, 2025 12:46 pm",True
296,1,Acapulco,10803,16.8524838,-99.815743,2025-12-05 12:25:00,"Dec 5, 2025 12:31 pm",True
207,1,Acapulco,101710,,,2025-12-05 12:25:00,"Dec 5, 2025 12:26 pm",False
1489,3,Iguala,329,18.3505696,-99.5381444,2025-12-05 12:26:00,"Dec 5, 2025 12:37 pm",True
1491,3,Iguala,314,18.3508887,-99.5349456,2025-12-05 12:26:00,"Dec 5, 2025 12:34 pm",True
1491,3,Iguala,315,18.3508887,-99.5349456,2025-12-05 12:26:00,"Dec 5, 2025 12:31 pm",True
1491,3,Iguala,316,18.3508887,-99.5349456,2025-12-05 12:26:00,"Dec 5, 2025 12:34 pm",True
265,1,Acapulco,101702,,,2025-12-05 12:26:00,"Dec 5, 2025 12:40 pm",False
207,1,Acapulco,101710,16.8864139,-99.8161174,2025-12-05 12:26:00,"Dec 5, 2025 12:31 pm",True
208,1,Acapulco,101818,16.8907363,-99.8179714,2025-12-05 12:26:00,"Dec 5, 2025 12:33 pm",True
1491,3,Iguala,313,18.3508887,-99.5349456,2025-12-05 12:26:00,"Dec 5, 2025 12:35 pm",True
125,1,Acapulco,10508,,,2025-12-05 12:27:00,"Dec 5, 2025 12:27 pm",False
19,1,Acapulco,10504,,,2025-12-05 12:27:00,"Dec 5, 2025 12:33 pm",False
192,1,Acapulco,101712,,,2025-12-05 12:27:00,"Dec 5, 2025 12:36 pm",False
158,1,Acapulco,101706,,,2025-12-05 12:27:00,"Dec 5, 2025 12:40 pm",False
265,1,Acapulco,101702,,,2025-12-05 12:28:00,"Dec 5, 2025 12:35 pm",False
256,1,Acapulco,10804,,,2025-12-05 12:28:00,"Dec 5, 2025 12:37 pm",False
278,1,Acapulco,110116,16.8592267,-99.8643675,2025-12-05 12:28:00,"Dec 5, 2025 12:34 pm",True
21,1,Acapulco,10511,16.8788363,-99.9108203,2025-12-05 12:52:00,"Dec 5, 2025 1:02 pm",True
2822,2,Chilpancingo,231,,,2025-12-05 12:27:00,"Dec 5, 2025 12:36 pm",False
192,1,Acapulco,101712,,,2025-12-05 12:29:00,"Dec 5, 2025 12:40 pm",False
225,1,Acapulco,101714,,,2025-12-05 12:30:00,"Dec 5, 2025 12:53 pm",False
2831,3,Iguala,12312,18.3325219,-99.5535569,2025-12-05 12:30:00,"Dec 5, 2025 12:47 pm",True
1271,2,Chilpancingo,238,,,2025-12-05 12:31:00,"Dec 5, 2025 12:31 pm",False
1491,3,Iguala,327,18.3508887,-99.5349456,2025-12-05 12:31:00,"Dec 5, 2025 12:37 pm",True
1265,2,Chilpancingo,242,17.5380607,-99.5179542,2025-12-05 12:31:00,"Dec 5, 2025 12:40 pm",True
136,1,Acapulco,10411,,,2025-12-05 12:31:00,"Dec 5, 2025 12:34 pm",False
278,1,Acapulco,10115,,,2025-12-05 12:32:00,"Dec 5, 2025 1:23 pm",False
124,1,Acapulco,10513,16.9083195,-99.9547946,2025-12-05 12:33:00,"Dec 5, 2025 12:44 pm",True
19,1,Acapulco,10504,,,2025-12-05 12:33:00,"Dec 5, 2025 12:44 pm",False
17,1,Acapulco,10509,16.8808875,-99.9460155,2025-12-05 12:33:00,"Dec 5, 2025 12:47 pm",True
1210,2,Chilpancingo,217,,,2025-12-05 12:33:00,"Dec 5, 2025 12:59 pm",False
17,1,Acapulco,10501,16.8808875,-99.9460155,2025-12-05 12:33:00,"Dec 5, 2025 12:47 pm",True
19,1,Acapulco,10504,,,2025-12-05 12:34:00,"Dec 5, 2025 12:40 pm",False
158,1,Acapulco,101706,,,2025-12-05 12:34:00,"Dec 5, 2025 12:47 pm",False
1210,2,Chilpancingo,218,17.5508259,-99.5014623,2025-12-05 12:34:00,"Dec 5, 2025 12:57 pm",True
306,1,Acapulco,10802,16.8352536,-99.8004795,2025-12-05 12:34:00,"Dec 5, 2025 1:29 pm",True
1522,3,Iguala,342,18.3290618,-99.5260606,2025-12-05 12:34:00,"Dec 5, 2025 12:43 pm",True
1492,3,Iguala,314,,,2025-12-05 12:34:00,"Dec 5, 2025 12:35 pm",False
1589,3,Iguala,322,,,2025-12-05 12:34:00,"Dec 5, 2025 12:43 pm",False
1492,3,Iguala,316,,,2025-12-05 12:34:00,"Dec 5, 2025 12:49 pm",False
278,1,Acapulco,10114,,,2025-12-05 12:35:00,"Dec 5, 2025 12:39 pm",False
1210,2,Chilpancingo,213,,,2025-12-05 12:35:00,"Dec 5, 2025 12:54 pm",False
1210,2,Chilpancingo,2012,,,2025-12-05 12:35:00,"Dec 5, 2025 12:36 pm",False
287,1,Acapulco,10168,16.8558052,-99.8585373,2025-12-05 12:36:00,"Dec 5, 2025 1:38 pm",True
105,1,Acapulco,31,,,2025-12-05 12:36:00,"Dec 5, 2025 12:46 pm",False
1491,3,Iguala,315,18.3508887,-99.5349456,2025-12-05 12:36:00,"Dec 5, 2025 12:39 pm",True
105,1,Acapulco,22,,,2025-12-05 12:36:00,"Dec 5, 2025 12:47 pm",False
1210,2,Chilpancingo,2112,17.5508259,-99.5014623,2025-12-05 12:37:00,"Dec 5, 2025 1:22 pm",True
105,1,Acapulco,26,,,2025-12-05 12:37:00,"Dec 5, 2025 12:51 pm",False
1218,2,Chilpancingo,229,17.5607911,-99.4993487,2025-12-05 12:37:00,"Dec 5, 2025 12:51 pm",True
1491,3,Iguala,3110,18.3549366,-99.5360598,2025-12-05 12:37:00,"Dec 5, 2025 1:05 pm",True
192,1,Acapulco,101712,,,2025-12-05 12:38:00,"Dec 5, 2025 12:45 pm",False
7,1,Acapulco,101716,16.899189,-99.8165868,2025-12-05 12:37:00,"Dec 5, 2025 12:54 pm",True
7,1,Acapulco,101715,16.899189,-99.8165868,2025-12-05 12:38:00,"Dec 5, 2025 12:54 pm",True
1522,3,Iguala,341,,,2025-12-05 12:38:00,"Dec 5, 2025 12:43 pm",False
1491,3,Iguala,3111,18.3549366,-99.5360598,2025-12-05 12:38:00,"Dec 5, 2025 12:55 pm",True
1489,3,Iguala,329,18.3505696,-99.5381444,2025-12-05 12:38:00,"Dec 5, 2025 12:44 pm",True
287,1,Acapulco,10169,,,2025-12-05 12:38:00,"Dec 5, 2025 12:39 pm",False
158,1,Acapulco,101705,16.8970065,-99.8208632,2025-12-05 12:38:00,"Dec 5, 2025 1:07 pm",True
1491,3,Iguala,319,17.0553445,-99.7604451,2025-12-05 12:38:00,"Dec 5, 2025 12:46 pm",True
287,1,Acapulco,10171,,,2025-12-05 12:38:00,"Dec 5, 2025 12:38 pm",False
1491,3,Iguala,316,18.3549366,-99.5360598,2025-12-05 12:39:00,"Dec 5, 2025 12:47 pm",True
113,1,Acapulco,10410,,,2025-12-05 12:39:00,"Dec 5, 2025 12:55 pm",False
133,1,Acapulco,10408,,,2025-12-05 12:39:00,"Dec 5, 2025 12:54 pm",False
305,1,Acapulco,110111,,,2025-12-05 12:39:00,"Dec 5, 2025 12:54 pm",False
305,1,Acapulco,110111,,,2025-12-05 12:39:00,"Dec 5, 2025 12:39 pm",False
1265,2,Chilpancingo,244,,,2025-12-05 12:40:00,"Dec 5, 2025 12:50 pm",False
133,1,Acapulco,10407,,,2025-12-05 12:40:00,"Dec 5, 2025 12:59 pm",False
19,1,Acapulco,10504,,,2025-12-05 12:40:00,"Dec 5, 2025 12:40 pm",False
1265,2,Chilpancingo,242,17.5380607,-99.5179542,2025-12-05 12:40:00,"Dec 5, 2025 12:56 pm",True
278,1,Acapulco,10115,,,2025-12-05 12:40:00,"Dec 5, 2025 12:59 pm",False
256,1,Acapulco,10804,,,2025-12-05 12:41:00,"Dec 5, 2025 12:49 pm",False
19,1,Acapulco,10504,,,2025-12-05 12:41:00,"Dec 5, 2025 12:47 pm",False
9,1,Acapulco,10510,,,2025-12-05 12:41:00,"Dec 5, 2025 12:55 pm",False
113,1,Acapulco,10409,,,2025-12-05 12:41:00,"Dec 5, 2025 1:15 pm",False
136,1,Acapulco,10411,,,2025-12-05 12:41:00,"Dec 5, 2025 12:50 pm",False
158,1,Acapulco,101706,,,2025-12-05 12:42:00,"Dec 5, 2025 12:59 pm",False
2831,3,Iguala,1236,18.3276701,-99.5587521,2025-12-05 12:42:00,"Dec 5, 2025 1:27 pm",True
2831,3,Iguala,1232,18.3276701,-99.5587521,2025-12-05 12:42:00,"Dec 5, 2025 12:44 pm",True
31,1,Acapulco,10507,16.8639515,-99.8822807,2025-12-05 12:42:00,"Dec 5, 2025 1:19 pm",True
208,1,Acapulco,101818,16.8808121,-99.8163295,2025-12-05 12:43:00,"Dec 5, 2025 12:56 pm",True
1589,3,Iguala,322,,,2025-12-05 12:44:00,"Dec 5, 2025 12:44 pm",False
208,1,Acapulco,181718,16.8810625,-99.8167656,2025-12-05 12:44:00,"Dec 5, 2025 1:00 pm",True
153,1,Acapulco,101716,16.9004327,-99.8197776,2025-12-05 12:44:00,"Dec 5, 2025 1:01 pm",True
85136,1,Acapulco,10412,,,2025-12-05 12:45:00,"Dec 5, 2025 12:56 pm",False
1491,3,Iguala,31112,18.3549366,-99.5360598,2025-12-05 12:45:00,"Dec 5, 2025 12:49 pm",True
1489,3,Iguala,329,18.3505696,-99.5381444,2025-12-05 12:45:00,"Dec 5, 2025 12:50 pm",True
124,1,Acapulco,10513,,,2025-12-05 12:45:00,"Dec 5, 2025 12:45 pm",False
1589,3,Iguala,322,,,2025-12-05 12:46:00,"Dec 5, 2025 12:46 pm",False
143,1,Acapulco,10350,,,2025-12-05 12:46:00,"Dec 5, 2025 1:06 pm",False
87,1,Acapulco,10119,,,2025-12-05 12:46:00,"Dec 5, 2025 1:16 pm",False
105,1,Acapulco,31,,,2025-12-05 12:47:00,"Dec 5, 2025 12:57 pm",False
1265,2,Chilpancingo,248,,,2025-12-05 12:47:00,"Dec 5, 2025 1:07 pm",False
1491,3,Iguala,319,,,2025-12-05 12:47:00,"Dec 5, 2025 1:01 pm",False
125,1,Acapulco,10502,,,2025-12-05 12:48:00,"Dec 5, 2025 1:03 pm",False
143,1,Acapulco,10366,,,2025-12-05 12:48:00,"Dec 5, 2025 1:10 pm",False
207,1,Acapulco,101709,16.8827783,-99.8200679,2025-12-05 12:48:00,"Dec 5, 2025 1:05 pm",True
1491,3,Iguala,316,18.3549366,-99.5360598,2025-12-05 12:48:00,"Dec 5, 2025 12:54 pm",True
1245,2,Chilpancingo,233,,,2025-12-05 12:48:00,"Dec 5, 2025 1:01 pm",False
181,1,Acapulco,10405,,,2025-12-05 12:48:00,"Dec 5, 2025 1:06 pm",False
105,1,Acapulco,22,,,2025-12-05 12:49:00,"Dec 5, 2025 12:58 pm",False
1492,3,Iguala,314,,,2025-12-05 12:49:00,"Dec 5, 2025 12:49 pm",False
2831,3,Iguala,1233,18.3269086,-99.5534406,2025-12-05 12:49:00,"Dec 5, 2025 12:51 pm",True
1265,2,Chilpancingo,243,,,2025-12-05 12:50:00,"Dec 5, 2025 1:32 pm",False
1505,3,Iguala,203,,,2025-12-05 12:50:00,"Dec 5, 2025 12:53 pm",False
1210,2,Chilpancingo,2110,,,2025-12-05 12:50:00,"Dec 5, 2025 12:52 pm",False
1,3,Iguala,325,,,2025-12-05 12:50:00,"Dec 5, 2025 12:50 pm",False
1505,3,Iguala,323,,,2025-12-05 12:50:00,"Dec 5, 2025 1:04 pm",False
1505,3,Iguala,321,,,2025-12-05 12:51:00,"Dec 5, 2025 1:13 pm",False
1218,2,Chilpancingo,229,17.5610212,-99.498917,2025-12-05 12:52:00,"Dec 5, 2025 1:09 pm",True
105,1,Acapulco,26,,,2025-12-05 12:52:00,"Dec 5, 2025 1:04 pm",False
225,1,Acapulco,101713,,,2025-12-05 12:52:00,"Dec 5, 2025 1:28 pm",False
1265,2,Chilpancingo,245,,,2025-12-05 12:52:00,"Dec 5, 2025 12:59 pm",False
17,1,Acapulco,10501,16.8808875,-99.9460155,2025-12-05 12:54:00,"Dec 5, 2025 1:10 pm",True
1491,3,Iguala,314,18.3508887,-99.5349456,2025-12-05 12:54:00,"Dec 5, 2025 1:13 pm",True
1505,3,Iguala,324,,,2025-12-05 12:54:00,"Dec 5, 2025 1:16 pm",False
1505,3,Iguala,327,,,2025-12-05 12:54:00,"Dec 5, 2025 12:59 pm",False
181,1,Acapulco,10405,,,2025-12-05 12:54:00,"Dec 5, 2025 1:10 pm",False
124,1,Acapulco,10513,16.9083195,-99.9547946,2025-12-05 12:54:00,"Dec 5, 2025 1:05 pm",True
1505,3,Iguala,302,,,2025-12-05 12:54:00,"Dec 5, 2025 1:06 pm",False
271,1,Acapulco,10805,16.8715663,-99.8752123,2025-12-05 12:55:00,"Dec 5, 2025 1:21 pm",True
21,1,Acapulco,10512,16.8765843,-99.9089981,2025-12-05 12:56:00,"Dec 5, 2025 1:10 pm",True
1491,3,Iguala,316,18.3549366,-99.5360598,2025-12-05 12:56:00,"Dec 5, 2025 12:59 pm",True
1491,3,Iguala,3111,18.3549366,-99.5360598,2025-12-05 12:56:00,"Dec 5, 2025 1:06 pm",True
256,1,Acapulco,10804,,,2025-12-05 12:56:00,"Dec 5, 2025 1:07 pm",False
124,1,Acapulco,10503,16.9083195,-99.9547946,2025-12-05 12:57:00,"Dec 5, 2025 1:06 pm",True
185,1,Acapulco,10806,,,2025-12-05 12:57:00,"Dec 5, 2025 1:11 pm",False
1492,3,Iguala,314,,,2025-12-05 12:57:00,"Dec 5, 2025 1:51 pm",False
1492,3,Iguala,314,,,2025-12-05 12:58:00,"Dec 5, 2025 12:58 pm",False
1505,3,Iguala,328,18.3549366,-99.5360598,2025-12-05 12:57:00,"Dec 5, 2025 2:29 pm",True
1265,2,Chilpancingo,242,17.5380607,-99.5179542,2025-12-05 12:57:00,"Dec 5, 2025 1:14 pm",True
165,1,Acapulco,10365,,,2025-12-05 12:58:00,"Dec 5, 2025 1:22 pm",False
1265,2,Chilpancingo,242,17.5380607,-99.5179542,2025-12-05 12:58:00,"Dec 5, 2025 1:14 pm",True
1210,2,Chilpancingo,2110,17.5508259,-99.5014623,2025-12-05 12:58:00,"Dec 5, 2025 1:50 pm",True
1210,2,Chilpancingo,218,17.5508259,-99.5014623,2025-12-05 12:59:00,"Dec 5, 2025 1:00 pm",True
158,1,Acapulco,101706,,,2025-12-05 13:00:00,"Dec 5, 2025 1:19 pm",False
1210,2,Chilpancingo,216,17.5508259,-99.5014623,2025-12-05 13:01:00,"Dec 5, 2025 1:46 pm",True
1491,3,Iguala,3112,18.3549366,-99.5360598,2025-12-05 13:01:00,"Dec 5, 2025 1:04 pm",True
1505,3,Iguala,327,,,2025-12-05 13:01:00,"Dec 5, 2025 1:32 pm",False
1491,3,Iguala,316,18.3549366,-99.5360598,2025-12-05 13:01:00,"Dec 5, 2025 1:10 pm",True
278,1,Acapulco,10114,,,2025-12-05 13:01:00,"Dec 5, 2025 1:08 pm",False
2830,3,Iguala,1238,18.3394895,-99.5586556,2025-12-05 13:03:00,"Dec 5, 2025 1:05 pm",True
153,1,Acapulco,101716,16.90076,-99.8198887,2025-12-05 13:02:00,"Dec 5, 2025 1:16 pm",True
287,1,Acapulco,10171,,,2025-12-05 13:02:00,"Dec 5, 2025 1:14 pm",False
1491,3,Iguala,319,,,2025-12-05 13:02:00,"Dec 5, 2025 1:17 pm",False
1524,3,Iguala,349,18.3355708,-99.5310055,2025-12-05 13:03:00,"Dec 5, 2025 1:05 pm",True
31,1,Acapulco,10507,,,2025-12-05 13:03:00,"Dec 5, 2025 1:24 pm",False
1524,3,Iguala,3411,18.3370492,-99.5275989,2025-12-05 13:03:00,"Dec 5, 2025 1:11 pm",True
142,1,Acapulco,10353,,,2025-12-05 13:03:00,"Dec 5, 2025 1:03 pm",False
1524,3,Iguala,348,18.3355708,-99.5310055,2025-12-05 13:03:00,"Dec 5, 2025 1:17 pm",True
2830,3,Iguala,12311,18.3394895,-99.5586556,2025-12-05 13:03:00,"Dec 5, 2025 1:05 pm",True
1524,3,Iguala,347,18.3355708,-99.5310055,2025-12-05 13:03:00,"Dec 5, 2025 1:05 pm",True
208,1,Acapulco,101718,16.8808121,-99.8163295,2025-12-05 13:03:00,"Dec 5, 2025 1:18 pm",True
1265,2,Chilpancingo,244,,,2025-12-05 13:03:00,"Dec 5, 2025 1:13 pm",False
1265,2,Chilpancingo,245,,,2025-12-05 13:03:00,"Dec 5, 2025 1:12 pm",False
2830,3,Iguala,1231,18.3394895,-99.5586556,2025-12-05 13:04:00,"Dec 5, 2025 1:05 pm",True
1524,3,Iguala,346,18.3355708,-99.5310055,2025-12-05 13:04:00,"Dec 5, 2025 1:12 pm",True
2830,3,Iguala,12307,18.3394895,-99.5586556,2025-12-05 13:04:00,"Dec 5, 2025 1:08 pm",True
21,1,Acapulco,10511,16.8787925,-99.9104762,2025-12-05 13:05:00,"Dec 5, 2025 1:14 pm",True
113,1,Acapulco,10410,,,2025-12-05 13:05:00,"Dec 5, 2025 1:20 pm",False
1524,3,Iguala,3410,18.3355708,-99.5310055,2025-12-05 13:03:00,"Dec 5, 2025 1:12 pm",True
1491,3,Iguala,3110,18.3549366,-99.5360598,2025-12-05 13:06:00,"Dec 5, 2025 1:07 pm",True
1491,3,Iguala,3111,18.3549366,-99.5360598,2025-12-05 13:07:00,"Dec 5, 2025 1:08 pm",True
2830,3,Iguala,1234,18.3394895,-99.5586556,2025-12-05 13:07:00,"Dec 5, 2025 1:26 pm",True
124,1,Acapulco,10513,16.9083195,-99.9547946,2025-12-05 13:07:00,"Dec 5, 2025 1:22 pm",True
181,1,Acapulco,10405,,,2025-12-05 13:07:00,"Dec 5, 2025 1:21 pm",False
1505,3,Iguala,326,,,2025-12-05 13:07:00,"Dec 5, 2025 1:16 pm",False
1491,3,Iguala,3110,18.3549366,-99.5360598,2025-12-05 13:08:00,"Dec 5, 2025 1:21 pm",True
265,1,Acapulco,101701,16.872208,-99.8169341,2025-12-05 13:08:00,"Dec 5, 2025 1:16 pm",True
1491,3,Iguala,3111,18.3549366,-99.5360598,2025-12-05 13:09:00,"Dec 5, 2025 1:21 pm",True
158,1,Acapulco,101705,16.8970065,-99.8208632,2025-12-05 13:09:00,"Dec 5, 2025 1:29 pm",True
2830,3,Iguala,12309,18.3394895,-99.5586556,2025-12-05 13:10:00,"Dec 5, 2025 1:20 pm",True
125,1,Acapulco,10502,,,2025-12-05 13:10:00,"Dec 5, 2025 1:24 pm",False
1491,3,Iguala,316,18.3549366,-99.5360598,2025-12-05 13:12:00,"Dec 5, 2025 1:17 pm",True
1257,2,Chilpancingo,234,,,2025-12-05 13:17:00,"Dec 5, 2025 1:20 pm",False
1245,2,Chilpancingo,233,,,2025-12-05 13:12:00,"Dec 5, 2025 1:38 pm",False
2830,3,Iguala,12311,18.3394895,-99.5586556,2025-12-05 13:12:00,"Dec 5, 2025 1:13 pm",True
2830,3,Iguala,1238,18.3394895,-99.5586556,2025-12-05 13:15:00,"Dec 5, 2025 1:16 pm",True
185,1,Acapulco,10806,,,2025-12-05 13:14:00,"Dec 5, 2025 1:39 pm",False
265,1,Acapulco,101701,,,2025-12-05 13:14:00,"Dec 5, 2025 1:21 pm",False
1505,3,Iguala,325,18.3475134,-99.54468,2025-12-05 13:15:00,"Dec 5, 2025 1:18 pm",True
17,1,Acapulco,10501,16.8865273,-99.9414102,2025-12-05 13:16:00,"Dec 5, 2025 1:27 pm",True
1,3,Iguala,341,18.335752,-99.5277,2025-12-05 13:16:00,"Dec 5, 2025 1:23 pm",True
225,1,Acapulco,101714,,,2025-12-05 13:16:00,"Dec 5, 2025 1:16 pm",False
157,2,Chilpancingo,232,17.5449647,-99.4835919,2025-12-05 13:16:00,"Dec 5, 2025 1:38 pm",True
1265,2,Chilpancingo,242,17.5387679,-99.5211152,2025-12-05 13:17:00,"Dec 5, 2025 1:30 pm",True
1218,2,Chilpancingo,229,17.561066,-99.4988771,2025-12-05 13:17:00,"Dec 5, 2025 1:38 pm",True
1505,3,Iguala,324,18.3549366,-99.5360598,2025-12-05 13:17:00,"Dec 5, 2025 1:19 pm",True
153,1,Acapulco,101716,16.9009771,-99.8198537,2025-12-05 13:18:00,"Dec 5, 2025 1:33 pm",True
307,1,Acapulco,10810,16.8111496,-99.8186793,2025-12-05 13:18:00,"Dec 5, 2025 1:40 pm",True
1491,3,Iguala,319,20.5833398,-100.3466317,2025-12-05 13:18:00,"Dec 5, 2025 2:24 pm",True
1491,3,Iguala,316,18.3549366,-99.5360598,2025-12-05 13:18:00,"Dec 5, 2025 1:28 pm",True
225,1,Acapulco,101714,,,2025-12-05 13:18:00,"Dec 5, 2025 1:33 pm",False
1505,3,Iguala,324,18.3549366,-99.5360598,2025-12-05 13:20:00,"Dec 5, 2025 1:24 pm",True
158,1,Acapulco,101706,,,2025-12-05 13:20:00,"Dec 5, 2025 1:31 pm",False
225,1,Acapulco,101714,,,2025-12-05 13:21:00,"Dec 5, 2025 1:21 pm",False
31,1,Acapulco,10507,16.870351,-99.9344646,2025-12-05 13:21:00,"Dec 5, 2025 1:44 pm",True
9,1,Acapulco,1015,,,2025-12-05 13:21:00,"Dec 5, 2025 1:39 pm",False
113,1,Acapulco,10410,,,2025-12-05 13:22:00,"Dec 5, 2025 1:34 pm",False
1270,2,Chilpancingo,2310,,,2025-12-05 13:22:00,"Dec 5, 2025 1:22 pm",False
181,1,Acapulco,10405,,,2025-12-05 13:22:00,"Dec 5, 2025 1:37 pm",False
1211,2,Chilpancingo,215,,,2025-12-05 13:23:00,"Dec 5, 2025 1:43 pm",False
271,1,Acapulco,10805,16.8715663,-99.8752123,2025-12-05 13:23:00,"Dec 5, 2025 1:31 pm",True
9,1,Acapulco,10510,,,2025-12-05 13:23:00,"Dec 5, 2025 1:43 pm",False
1211,2,Chilpancingo,212,,,2025-12-05 13:23:00,"Dec 5, 2025 1:39 pm",False
1211,2,Chilpancingo,211,17.5751794,-99.5092627,2025-12-05 13:24:00,"Dec 5, 2025 1:45 pm",True
124,1,Acapulco,10503,16.9083195,-99.9547946,2025-12-05 13:24:00,"Dec 5, 2025 1:44 pm",True
133,1,Acapulco,10407,,,2025-12-05 13:25:00,"Dec 5, 2025 1:30 pm",False
138,1,Acapulco,10414,,,2025-12-05 13:26:00,"Dec 5, 2025 1:36 pm",False
1112,2,Chilpancingo,214,,,2025-12-05 13:26:00,"Dec 5, 2025 1:41 pm",False
138,1,Acapulco,10411,,,2025-12-05 13:26:00,"Dec 5, 2025 1:36 pm",False
138,1,Acapulco,10413,,,2025-12-05 13:26:00,"Dec 5, 2025 1:39 pm",False
9,1,Acapulco,10515,16.8841179,-99.9513975,2025-12-05 13:26:00,"Dec 5, 2025 1:45 pm",True
1211,2,Chilpancingo,2111,17.570805,-99.5056522,2025-12-05 13:26:00,"Dec 5, 2025 1:33 pm",True
287,1,Acapulco,10169,16.8583631,-99.8508616,2025-12-05 13:27:00,"Dec 5, 2025 1:43 pm",True
114,1,Acapulco,10401,,,2025-12-05 13:29:00,"Dec 5, 2025 1:40 pm",False
181,1,Acapulco,10405,,,2025-12-05 13:29:00,"Dec 5, 2025 1:45 pm",False
2830,3,Iguala,12312,18.3352421,-99.5615936,2025-12-05 13:30:00,"Dec 5, 2025 1:55 pm",True
2830,3,Iguala,1233,18.3352421,-99.5615936,2025-12-05 13:30:00,"Dec 5, 2025 1:56 pm",True
2830,3,Iguala,12310,18.3347408,-99.5615103,2025-12-05 13:30:00,"Dec 5, 2025 1:35 pm",True
2830,3,Iguala,1232,18.3352421,-99.5615936,2025-12-05 13:30:00,"Dec 5, 2025 1:35 pm",True
1271,2,Chilpancingo,238,17.526358,-99.4846619,2025-12-05 13:31:00,"Dec 5, 2025 1:44 pm",True
287,1,Acapulco,10170,,,2025-12-05 13:31:00,"Dec 5, 2025 1:45 pm",False
1523,3,Iguala,343,18.3353993,-99.5268656,2025-12-05 13:31:00,"Dec 5, 2025 1:46 pm",True
225,1,Acapulco,101713,,,2025-12-05 13:31:00,"Dec 5, 2025 1:40 pm",False
2830,3,Iguala,1236,18.3352421,-99.5615936,2025-12-05 13:31:00,"Dec 5, 2025 1:35 pm",True
1523,2,Chilpancingo,341,18.3353993,-99.5268656,2025-12-05 13:32:00,"Dec 5, 2025 1:40 pm",True
271,1,Acapulco,10805,16.8715663,-99.8752123,2025-12-05 13:32:00,"Dec 5, 2025 1:38 pm",True
1265,2,Chilpancingo,244,,,2025-12-05 13:32:00,"Dec 5, 2025 1:52 pm",False
151,1,Acapulco,10404,,,2025-12-05 13:32:00,"Dec 5, 2025 1:56 pm",False
133,1,Acapulco,10408,,,2025-12-05 13:32:00,"Dec 5, 2025 1:35 pm",False
1523,3,Iguala,344,18.3345987,-99.5319632,2025-12-05 13:33:00,"Dec 5, 2025 1:46 pm",True
133,1,Acapulco,10407,17.9922883,-102.21367,2025-12-05 13:33:00,"Dec 5, 2025 1:39 pm",True
1,1,Acapulco,10404,,,2025-12-05 13:33:00,"Dec 5, 2025 1:40 pm",False
1270,2,Chilpancingo,3211,17.5508259,-99.5014623,2025-12-05 13:33:00,"Dec 5, 2025 1:45 pm",True
225,1,Acapulco,101714,,,2025-12-05 13:33:00,"Dec 5, 2025 1:52 pm",False
2830,3,Iguala,1235,18.3352421,-99.5615936,2025-12-05 13:34:00,"Dec 5, 2025 1:55 pm",True
1271,2,Chilpancingo,239,,,2025-12-05 13:34:00,"Dec 5, 2025 1:51 pm",False
17,1,Acapulco,10501,16.8808875,-99.9460155,2025-12-05 13:34:00,"Dec 5, 2025 1:45 pm",True
1526,3,Iguala,349,18.336343,-99.5336268,2025-12-05 13:36:00,"Dec 5, 2025 1:55 pm",True
1526,3,Iguala,348,18.336343,-99.5336268,2025-12-05 13:36:00,"Dec 5, 2025 1:41 pm",True
9,1,Acapulco,10514,,,2025-12-05 13:36:00,"Dec 5, 2025 1:41 pm",False
256,1,Acapulco,10804,,,2025-12-05 13:36:00,"Dec 5, 2025 1:51 pm",False
1526,3,Iguala,3411,18.336343,-99.5336268,2025-12-05 13:36:00,"Dec 5, 2025 1:52 pm",True
1526,3,Iguala,346,18.336343,-99.5336268,2025-12-05 13:36:00,"Dec 5, 2025 1:51 pm",True
1526,3,Iguala,347,18.336343,-99.5336268,2025-12-05 13:37:00,"Dec 5, 2025 1:52 pm",True
138,1,Acapulco,10414,,,2025-12-05 13:37:00,"Dec 5, 2025 1:56 pm",False
1526,3,Iguala,3410,18.336343,-99.5336268,2025-12-05 13:36:00,"Dec 5, 2025 1:52 pm",True
1223,2,Chilpancingo,221,17.532228,-99.4868174,2025-12-05 13:39:00,"Dec 5, 2025 1:57 pm",True
271,1,Acapulco,10805,16.8715663,-99.8752123,2025-12-05 13:39:00,"Dec 5, 2025 1:44 pm",True
1265,2,Chilpancingo,243,,,2025-12-05 13:40:00,"Dec 5, 2025 2:17 pm",False
138,1,Acapulco,10411,,,2025-12-05 13:41:00,"Dec 5, 2025 1:49 pm",False
151,1,Acapulco,10404,,,2025-12-05 13:41:00,"Dec 5, 2025 1:48 pm",False
1218,2,Chilpancingo,229,17.5610347,-99.4994773,2025-12-05 13:41:00,"Dec 5, 2025 1:59 pm",True
225,1,Acapulco,101713,,,2025-12-05 13:41:00,"Dec 5, 2025 1:49 pm",False
1211,2,Chilpancingo,219,,,2025-12-05 13:42:00,"Dec 5, 2025 1:50 pm",False
307,1,Acapulco,10810,16.8169014,-99.8216316,2025-12-05 13:42:00,"Dec 5, 2025 2:02 pm",True
1523,3,Iguala,341,18.3345987,-99.5319632,2025-12-05 13:42:00,"Dec 5, 2025 1:48 pm",True
181,1,Acapulco,10405,,,2025-12-05 13:43:00,"Dec 5, 2025 1:56 pm",False
2830,3,Iguala,1236,18.3352421,-99.5615936,2025-12-05 13:44:00,"Dec 5, 2025 1:46 pm",True
2803,2,Chilpancingo,2112,17.5508259,-99.5014623,2025-12-05 13:44:00,"Dec 5, 2025 2:57 pm",True
125,1,Acapulco,10508,,,2025-12-05 13:45:00,"Dec 5, 2025 2:01 pm",False
2830,3,Iguala,1232,18.3352421,-99.5615936,2025-12-05 13:45:00,"Dec 5, 2025 1:46 pm",True
138,1,Acapulco,10413,,,2025-12-05 13:45:00,"Dec 5, 2025 1:56 pm",False
271,1,Acapulco,10805,16.8715663,-99.8752123,2025-12-05 13:45:00,"Dec 5, 2025 1:50 pm",True
185,1,Acapulco,10806,,,2025-12-05 13:45:00,"Dec 5, 2025 1:59 pm",False
31,1,Acapulco,1507,,,2025-12-05 13:45:00,"Dec 5, 2025 1:58 pm",False
1271,2,Chilpancingo,238,17.526358,-99.4846619,2025-12-05 13:46:00,"Dec 5, 2025 1:59 pm",True
114,1,Acapulco,10402,,,2025-12-05 13:47:00,"Dec 5, 2025 2:05 pm",False
1496,3,Iguala,3112,18.3586751,-99.5237217,2025-12-05 13:47:00,"Dec 5, 2025 1:57 pm",True
1540,3,Iguala,1234,18.3409946,-99.5421406,2025-12-05 13:47:00,"Dec 5, 2025 2:29 pm",True
133,1,Acapulco,10408,,,2025-12-05 13:47:00,"Dec 5, 2025 1:48 pm",False
1540,3,Iguala,1231,18.3409946,-99.5421406,2025-12-05 13:47:00,"Dec 5, 2025 2:19 pm",True
306,1,Acapulco,10802,16.8346612,-99.7999665,2025-12-05 13:47:00,"Dec 5, 2025 2:10 pm",True
2830,3,Iguala,12311,18.3409946,-99.5421406,2025-12-05 13:47:00,"Dec 5, 2025 2:13 pm",True
306,1,Acapulco,10802,,,2025-12-05 13:47:00,"Dec 5, 2025 1:47 pm",False
9,1,Acapulco,10514,,,2025-12-05 13:47:00,"Dec 5, 2025 1:48 pm",False
1540,3,Iguala,12307,18.3409946,-99.5421406,2025-12-05 13:48:00,"Dec 5, 2025 2:03 pm",True
1523,3,Iguala,342,18.3353993,-99.5268656,2025-12-05 13:48:00,"Dec 5, 2025 1:56 pm",True
9,1,Acapulco,10510,,,2025-12-05 13:48:00,"Dec 5, 2025 2:04 pm",False
31,1,Acapulco,10507,16.8639515,-99.8822807,2025-12-05 13:48:00,"Dec 5, 2025 2:10 pm",True
133,1,Acapulco,10407,17.9922883,-102.21367,2025-12-05 13:48:00,"Dec 5, 2025 2:05 pm",True
1270,2,Chilpancingo,2310,,,2025-12-05 13:49:00,"Dec 5, 2025 1:59 pm",False
1270,2,Chilpancingo,3211,,,2025-12-05 13:49:00,"Dec 5, 2025 1:59 pm",False
287,1,Acapulco,10120,,,2025-12-05 13:50:00,"Dec 5, 2025 1:58 pm",False
287,1,Acapulco,10120,,,2025-12-05 13:50:00,"Dec 5, 2025 1:50 pm",False
151,1,Acapulco,104040,,,2025-12-05 13:49:00,"Dec 5, 2025 1:53 pm",False
225,1,Acapulco,101713,,,2025-12-05 13:50:00,"Dec 5, 2025 1:58 pm",False
1496,3,Iguala,316,18.3583708,-99.5237405,2025-12-05 13:50:00,"Dec 5, 2025 2:00 pm",True
138,1,Acapulco,10411,,,2025-12-05 13:51:00,"Dec 5, 2025 2:01 pm",False
287,1,Acapulco,10112,16.8574203,-99.8606411,2025-12-05 13:51:00,"Dec 5, 2025 2:10 pm",True
1524,3,Iguala,346,18.336343,-99.5336268,2025-12-05 13:51:00,"Dec 5, 2025 1:58 pm",True
287,1,Acapulco,10110,16.8574203,-99.8606411,2025-12-05 13:51:00,"Dec 5, 2025 2:01 pm",True
287,1,Acapulco,10108,16.8562824,-99.8665142,2025-12-05 13:51:00,"Dec 5, 2025 2:10 pm",True
1271,2,Chilpancingo,239,,,2025-12-05 13:51:00,"Dec 5, 2025 2:00 pm",False
287,1,Acapulco,10107,16.8562824,-99.8665142,2025-12-05 13:51:00,"Dec 5, 2025 2:14 pm",True
1245,2,Chilpancingo,224,17.5476955,-99.4819044,2025-12-05 13:52:00,"Dec 5, 2025 2:12 pm",True
287,1,Acapulco,10111,16.8558052,-99.8585373,2025-12-05 13:52:00,"Dec 5, 2025 2:28 pm",True
271,1,Acapulco,10805,16.8715663,-99.8752123,2025-12-05 13:52:00,"Dec 5, 2025 1:53 pm",True
225,1,Acapulco,101714,,,2025-12-05 13:53:00,"Dec 5, 2025 2:16 pm",False
225,1,Acapulco,101714,,,2025-12-05 13:53:00,"Dec 5, 2025 1:53 pm",False
1540,3,Iguala,1238,,,2025-12-05 13:55:00,"Dec 5, 2025 1:56 pm",False
9,1,Acapulco,10515,16.8841179,-99.9513975,2025-12-05 13:54:00,"Dec 5, 2025 2:06 pm",True
256,1,Acapulco,10804,,,2025-12-05 13:54:00,"Dec 5, 2025 2:03 pm",False
151,1,Acapulco,10404,,,2025-12-05 13:54:00,"Dec 5, 2025 1:57 pm",False
271,1,Acapulco,10805,16.8715663,-99.8752123,2025-12-05 13:54:00,"Dec 5, 2025 1:59 pm",True
262,1,Acapulco,10117,,,2025-12-05 13:56:00,"Dec 5, 2025 2:03 pm",False
1499,3,Iguala,312,,,2025-12-05 13:57:00,"Dec 5, 2025 1:57 pm",False
2830,3,Iguala,1235,18.3675731,-99.5511554,2025-12-05 13:57:00,"Dec 5, 2025 2:01 pm",True
262,1,Acapulco,10103,,,2025-12-05 13:57:00,"Dec 5, 2025 1:57 pm",False
262,1,Acapulco,10103,,,2025-12-05 13:57:00,"Dec 5, 2025 1:57 pm",False
1499,3,Iguala,311,,,2025-12-05 13:57:00,"Dec 5, 2025 1:58 pm",False
1499,3,Iguala,312,,,2025-12-05 13:58:00,"Dec 5, 2025 1:59 pm",False
262,1,Acapulco,10103,16.8703911,-99.8585373,2025-12-05 13:58:00,"Dec 5, 2025 2:13 pm",True
151,1,Acapulco,10404,,,2025-12-05 13:58:00,"Dec 5, 2025 2:17 pm",False
1223,2,Chilpancingo,221,17.5532107,-99.5099954,2025-12-05 13:58:00,"Dec 5, 2025 2:10 pm",True
1499,3,Iguala,312,,,2025-12-05 13:58:00,"Dec 5, 2025 1:59 pm",False
1226,2,Chilpancingo,210,17.5590028,-99.5035335,2025-12-05 13:59:00,"Dec 5, 2025 2:13 pm",True
1499,3,Iguala,312,,,2025-12-05 13:59:00,"Dec 5, 2025 2:00 pm",False
1265,2,Chilpancingo,248,,,2025-12-05 13:59:00,"Dec 5, 2025 2:11 pm",False
1499,3,Iguala,311,,,2025-12-05 13:59:00,"Dec 5, 2025 2:00 pm",False
1218,2,Chilpancingo,229,17.5610347,-99.4994773,2025-12-05 14:00:00,"Dec 5, 2025 2:25 pm",True
1499,3,Iguala,311,,,2025-12-05 14:00:00,"Dec 5, 2025 2:01 pm",False
181,1,Acapulco,10405,,,2025-12-05 14:00:00,"Dec 5, 2025 2:15 pm",False
1223,2,Chilpancingo,122,,,2025-12-05 14:01:00,"Dec 5, 2025 2:02 pm",False
1496,3,Iguala,3112,18.3586751,-99.5237217,2025-12-05 14:01:00,"Dec 5, 2025 2:18 pm",True
1523,3,Iguala,341,18.3320512,-99.5275071,2025-12-05 14:01:00,"Dec 5, 2025 2:22 pm",True
2803,2,Chilpancingo,218,17.5508259,-99.5014623,2025-12-05 14:01:00,"Dec 5, 2025 2:16 pm",True
138,1,Acapulco,10411,,,2025-12-05 14:01:00,"Dec 5, 2025 2:08 pm",False
271,1,Acapulco,10805,,,2025-12-05 14:01:00,"Dec 5, 2025 2:02 pm",False
262,1,Acapulco,10116,16.8722321,-99.8629038,2025-12-05 14:02:00,"Dec 5, 2025 2:23 pm",True
1496,3,Iguala,316,18.3586751,-99.5237217,2025-12-05 14:02:00,"Dec 5, 2025 2:14 pm",True
262,1,Acapulco,10105,16.8703911,-99.8585373,2025-12-05 14:02:00,"Dec 5, 2025 2:28 pm",True
1495,3,Iguala,3110,18.3634979,-99.5190302,2025-12-05 14:02:00,"Dec 5, 2025 2:13 pm",True
1270,2,Chilpancingo,3211,,,2025-12-05 14:03:00,"Dec 5, 2025 2:15 pm",False
1525,3,Iguala,345,18.3312413,-99.5402309,2025-12-05 14:03:00,"Dec 5, 2025 3:03 pm",True
278,1,Acapulco,10115,,,2025-12-05 14:03:00,"Dec 5, 2025 2:03 pm",False
262,1,Acapulco,10104,16.8702588,-99.8603192,2025-12-05 14:03:00,"Dec 5, 2025 2:33 pm",True
1523,3,Iguala,342,,,2025-12-05 14:03:00,"Dec 5, 2025 2:04 pm",False
185,1,Acapulco,10806,,,2025-12-05 14:03:00,"Dec 5, 2025 2:27 pm",False
2803,2,Chilpancingo,2110,17.5508259,-99.5014623,2025-12-05 14:03:00,"Dec 5, 2025 2:25 pm",True
2803,2,Chilpancingo,213,,,2025-12-05 14:03:00,"Dec 5, 2025 2:31 pm",False
2803,2,Chilpancingo,217,,,2025-12-05 14:04:00,"Dec 5, 2025 2:04 pm",False
31,1,Acapulco,1507,,,2025-12-05 14:04:00,"Dec 5, 2025 2:20 pm",False
256,1,Acapulco,10804,,,2025-12-05 14:04:00,"Dec 5, 2025 2:14 pm",False
1265,2,Chilpancingo,244,,,2025-12-05 14:04:00,"Dec 5, 2025 2:10 pm",False
1232,2,Chilpancingo,237,,,2025-12-05 14:04:00,"Dec 5, 2025 2:09 pm",False
1540,3,Iguala,12307,,,2025-12-05 14:04:00,"Dec 5, 2025 2:16 pm",False
2803,2,Chilpancingo,216,17.5508259,-99.5014623,2025-12-05 14:05:00,"Dec 5, 2025 2:33 pm",True
2803,2,Chilpancingo,217,17.5508259,-99.5014623,2025-12-05 14:05:00,"Dec 5, 2025 2:22 pm",True
1245,2,Chilpancingo,233,,,2025-12-05 14:05:00,"Dec 5, 2025 2:18 pm",False
1507,3,Iguala,323,,,2025-12-05 14:06:00,"Dec 5, 2025 2:18 pm",False
1507,3,Iguala,326,,,2025-12-05 14:06:00,"Dec 5, 2025 2:16 pm",False
1507,3,Iguala,321,,,2025-12-05 14:06:00,"Dec 5, 2025 2:06 pm",False
114,1,Acapulco,10401,,,2025-12-05 14:06:00,"Dec 5, 2025 2:18 pm",False
307,1,Acapulco,10810,16.8113746,-99.8227366,2025-12-05 14:07:00,"Dec 5, 2025 2:12 pm",True
262,1,Acapulco,10115,16.872463,-99.8624011,2025-12-05 14:07:00,"Dec 5, 2025 2:31 pm",True
262,1,Acapulco,10117,,,2025-12-05 14:07:00,"Dec 5, 2025 2:24 pm",False
1503,3,Iguala,329,,,2025-12-05 14:08:00,"Dec 5, 2025 2:24 pm",False
262,1,Acapulco,10106,16.8702588,-99.8603192,2025-12-05 14:03:00,"Dec 5, 2025 2:24 pm",True
138,1,Acapulco,10414,,,2025-12-05 14:09:00,"Dec 5, 2025 2:15 pm",False
138,1,Acapulco,10413,,,2025-12-05 14:09:00,"Dec 5, 2025 2:22 pm",False
9,1,Acapulco,10510,,,2025-12-05 14:09:00,"Dec 5, 2025 2:21 pm",False
1507,3,Iguala,325,18.3483478,-99.5423815,2025-12-05 14:09:00,"Dec 5, 2025 2:17 pm",True
1270,2,Chilpancingo,2310,,,2025-12-05 14:10:00,"Dec 5, 2025 2:10 pm",False
1523,3,Iguala,341,18.3320512,-99.5275071,2025-12-05 14:10:00,"Dec 5, 2025 2:17 pm",True
1265,2,Chilpancingo,245,,,2025-12-05 14:10:00,"Dec 5, 2025 2:14 pm",False
1232,2,Chilpancingo,235,17.5527453,-99.5131592,2025-12-05 14:12:00,"Dec 5, 2025 2:38 pm",True
307,1,Acapulco,10810,16.8113746,-99.8227366,2025-12-05 14:13:00,"Dec 5, 2025 2:21 pm",True
262,1,Acapulco,10115,,,2025-12-05 14:14:00,"Dec 5, 2025 2:31 pm",False
1495,3,Iguala,3110,18.3634979,-99.5190302,2025-12-05 14:14:00,"Dec 5, 2025 2:15 pm",True
1265,2,Chilpancingo,244,,,2025-12-05 14:15:00,"Dec 5, 2025 2:16 pm",False
1496,3,Iguala,316,18.3586751,-99.5237217,2025-12-05 14:15:00,"Dec 5, 2025 2:28 pm",True
138,1,Acapulco,10409,,,2025-12-05 14:16:00,"Dec 5, 2025 2:30 pm",False
1265,2,Chilpancingo,244,,,2025-12-05 14:16:00,"Dec 5, 2025 2:23 pm",False
133,1,Acapulco,10408,,,2025-12-05 14:16:00,"Dec 5, 2025 2:17 pm",False
181,1,Acapulco,10405,,,2025-12-05 14:16:00,"Dec 5, 2025 2:27 pm",False
1540,3,Iguala,12309,,,2025-12-05 14:16:00,"Dec 5, 2025 2:44 pm",False
287,1,Acapulco,10110,16.8574203,-99.8606411,2025-12-05 14:17:00,"Dec 5, 2025 2:29 pm",True
138,1,Acapulco,10411,,,2025-12-05 14:17:00,"Dec 5, 2025 2:23 pm",False
2803,2,Chilpancingo,218,17.5508259,-99.5014623,2025-12-05 14:17:00,"Dec 5, 2025 2:50 pm",True
114,1,Acapulco,10402,,,2025-12-05 14:17:00,"Dec 5, 2025 2:29 pm",False
1495,3,Iguala,3110,18.3634979,-99.5190302,2025-12-05 14:18:00,"Dec 5, 2025 2:32 pm",True
1270,2,Chilpancingo,2310,,,2025-12-05 14:18:00,"Dec 5, 2025 2:21 pm",False
1507,3,Iguala,326,,,2025-12-05 14:18:00,"Dec 5, 2025 2:19 pm",False
21,2,Chilpancingo,222,17.5578386,-99.5109173,2025-12-05 14:19:00,"Dec 5, 2025 2:31 pm",True
1523,3,Iguala,344,18.3320512,-99.5275071,2025-12-05 14:19:00,"Dec 5, 2025 2:27 pm",True
1523,3,Iguala,342,18.3320512,-99.5275071,2025-12-05 14:20:00,"Dec 5, 2025 2:25 pm",True
1526,3,Iguala,348,,,2025-12-05 14:19:00,"Dec 5, 2025 2:21 pm",False
1526,3,Iguala,349,18.3378251,-99.5324916,2025-12-05 14:20:00,"Dec 5, 2025 2:33 pm",True
1526,3,Iguala,347,18.3378251,-99.5324916,2025-12-05 14:20:00,"Dec 5, 2025 2:36 pm",True
1526,3,Iguala,3411,18.3378251,-99.5324916,2025-12-05 14:20:00,"Dec 5, 2025 2:34 pm",True
133,1,Acapulco,10407,17.9922883,-102.21367,2025-12-05 14:20:00,"Dec 5, 2025 2:43 pm",True
1270,2,Chilpancingo,3211,,,2025-12-05 14:20:00,"Dec 5, 2025 2:21 pm",False
262,1,Acapulco,10101,16.8703911,-99.8585373,2025-12-05 14:20:00,"Dec 5, 2025 2:33 pm",True
1245,2,Chilpancingo,224,17.5476955,-99.4819044,2025-12-05 14:21:00,"Dec 5, 2025 2:36 pm",True
1223,2,Chilpancingo,221,17.5535675,-99.5086362,2025-12-05 14:21:00,"Dec 5, 2025 3:03 pm",True
1523,3,Iguala,343,,,2025-12-05 14:21:00,"Dec 5, 2025 2:23 pm",False
1526,3,Iguala,3410,18.3362743,-99.5496166,2025-12-05 14:19:00,"Dec 5, 2025 2:21 pm",True
256,1,Acapulco,10804,,,2025-12-05 14:21:00,"Dec 5, 2025 2:35 pm",False
1526,3,Iguala,348,18.3378251,-99.5324916,2025-12-05 14:22:00,"Dec 5, 2025 2:34 pm",True
1257,2,Chilpancingo,234,,,2025-12-05 14:27:00,"Dec 5, 2025 2:27 pm",False
2803,2,Chilpancingo,217,17.5508259,-99.5014623,2025-12-05 14:23:00,"Dec 5, 2025 2:35 pm",True
307,1,Acapulco,10810,16.8129435,-99.8189945,2025-12-05 14:23:00,"Dec 5, 2025 2:35 pm",True
1257,2,Chilpancingo,232,,,2025-12-05 14:24:00,"Dec 5, 2025 2:26 pm",False
1265,2,Chilpancingo,244,,,2025-12-05 14:24:00,"Dec 5, 2025 2:36 pm",False
2843,2,Chilpancingo,249,-2.201807,-80.0693424,2025-12-05 14:24:00,"Dec 5, 2025 2:48 pm",True
1523,3,Iguala,341,18.3320512,-99.5275071,2025-12-05 14:24:00,"Dec 5, 2025 2:30 pm",True
1523,3,Iguala,343,18.3320512,-99.5275071,2025-12-05 14:24:00,"Dec 5, 2025 2:36 pm",True
1526,3,Iguala,3410,18.3362743,-99.5496166,2025-12-05 14:22:00,"Dec 5, 2025 2:32 pm",True
1270,2,Chilpancingo,2310,,,2025-12-05 14:24:00,"Dec 5, 2025 2:36 pm",False
262,1,Acapulco,10117,,,2025-12-05 14:25:00,"Dec 5, 2025 2:39 pm",False
1488,3,Iguala,324,18.357458,-99.5361333,2025-12-05 14:25:00,"Dec 5, 2025 2:49 pm",True
1540,3,Iguala,1233,18.3384475,-99.5447443,2025-12-05 14:25:00,"Dec 5, 2025 2:56 pm",True
138,1,Acapulco,10411,,,2025-12-05 14:25:00,"Dec 5, 2025 2:31 pm",False
1946,3,Iguala,3112,18.3586751,-99.5237217,2025-12-05 14:25:00,"Dec 5, 2025 2:41 pm",True
1503,3,Iguala,329,18.3478744,-99.5364726,2025-12-05 14:25:00,"Dec 5, 2025 2:32 pm",True
1226,2,Chilpancingo,210,17.5586649,-99.5032488,2025-12-05 14:25:00,"Dec 5, 2025 2:48 pm",True
1540,3,Iguala,1232,18.3384475,-99.5447443,2025-12-05 14:25:00,"Dec 5, 2025 2:51 pm",True
1488,3,Iguala,327,,,2025-12-05 14:27:00,"Dec 5, 2025 2:27 pm",False
1507,3,Iguala,325,18.3475134,-99.54468,2025-12-05 14:27:00,"Dec 5, 2025 2:28 pm",True
1507,3,Iguala,326,,,2025-12-05 14:27:00,"Dec 5, 2025 2:27 pm",False
1507,3,Iguala,323,,,2025-12-05 14:27:00,"Dec 5, 2025 2:32 pm",False
1507,3,Iguala,321,,,2025-12-05 14:27:00,"Dec 5, 2025 2:49 pm",False
1488,3,Iguala,327,18.3580905,-99.5374654,2025-12-05 14:27:00,"Dec 5, 2025 2:41 pm",True
262,1,Acapulco,10116,16.8722321,-99.8629038,2025-12-05 14:29:00,"Dec 5, 2025 2:41 pm",True
1507,3,Iguala,326,,,2025-12-05 14:29:00,"Dec 5, 2025 2:43 pm",False
1206,2,Chilpancingo,215,,,2025-12-05 14:29:00,"Dec 5, 2025 2:47 pm",False
1206,2,Chilpancingo,211,17.5752043,-99.5093005,2025-12-05 14:30:00,"Dec 5, 2025 2:59 pm",True
1206,2,Chilpancingo,212,,,2025-12-05 14:30:00,"Dec 5, 2025 2:59 pm",False
225,1,Acapulco,101713,,,2025-12-05 14:30:00,"Dec 5, 2025 2:43 pm",False
1540,3,Iguala,1236,18.3389262,-99.5445537,2025-12-05 14:30:00,"Dec 5, 2025 2:52 pm",True
114,1,Acapulco,10402,,,2025-12-05 14:31:00,"Dec 5, 2025 2:49 pm",False
1488,3,Iguala,328,18.3580905,-99.5374654,2025-12-05 14:31:00,"Dec 5, 2025 3:02 pm",True
1523,3,Iguala,344,18.3320512,-99.5275071,2025-12-05 14:31:00,"Dec 5, 2025 2:37 pm",True
306,1,Acapulco,10803,,,2025-12-05 14:32:00,"Dec 5, 2025 2:39 pm",False
262,1,Acapulco,10105,,,2025-12-05 14:32:00,"Dec 5, 2025 2:32 pm",False
1223,2,Chilpancingo,221,17.5549006,-99.5103485,2025-12-05 14:32:00,"Dec 5, 2025 2:59 pm",True
1507,3,Iguala,325,18.3475063,-99.5470904,2025-12-05 14:32:00,"Dec 5, 2025 2:33 pm",True
1495,3,Iguala,319,25.8100417,-109.0321769,2025-12-05 14:32:00,"Dec 5, 2025 2:34 pm",True
1503,3,Iguala,329,18.3478744,-99.5364726,2025-12-05 14:33:00,"Dec 5, 2025 2:41 pm",True
1542,3,Iguala,346,18.3312413,-99.5402309,2025-12-05 14:33:00,"Dec 5, 2025 3:04 pm",True
2803,2,Chilpancingo,2110,17.5508259,-99.5014623,2025-12-05 14:33:00,"Dec 5, 2025 2:34 pm",True
1206,2,Chilpancingo,219,17.5752043,-99.5093005,2025-12-05 14:33:00,"Dec 5, 2025 2:45 pm",True
1495,3,Iguala,3111,,,2025-12-05 14:34:00,"Dec 5, 2025 3:03 pm",False
1707,3,Iguala,323,,,2025-12-05 14:34:00,"Dec 5, 2025 2:47 pm",False
1206,2,Chilpancingo,214,,,2025-12-05 14:35:00,"Dec 5, 2025 2:54 pm",False
256,1,Acapulco,10804,,,2025-12-05 14:35:00,"Dec 5, 2025 2:44 pm",False
2803,2,Chilpancingo,2110,17.5508259,-99.5014623,2025-12-05 14:35:00,"Dec 5, 2025 2:56 pm",True
2803,2,Chilpancingo,216,17.5508259,-99.5014623,2025-12-05 14:35:00,"Dec 5, 2025 2:50 pm",True
2803,2,Chilpancingo,213,,,2025-12-05 14:35:00,"Dec 5, 2025 2:50 pm",False
1526,3,Iguala,3411,18.3378251,-99.5324916,2025-12-05 14:36:00,"Dec 5, 2025 2:37 pm",True
262,1,Acapulco,10113,,,2025-12-05 14:36:00,"Dec 5, 2025 2:50 pm",False
1206,2,Chilpancingo,21,17.5752043,-99.5093005,2025-12-05 14:36:00,"Dec 5, 2025 2:48 pm",True
278,1,Acapulco,10118,,,2025-12-05 14:37:00,"Dec 5, 2025 2:46 pm",False
1270,2,Chilpancingo,3211,,,2025-12-05 14:37:00,"Dec 5, 2025 2:45 pm",False
1265,2,Chilpancingo,244,,,2025-12-05 14:38:00,"Dec 5, 2025 2:42 pm",False
262,1,Acapulco,10113,,,2025-12-05 14:39:00,"Dec 5, 2025 2:41 pm",False
1495,3,Iguala,3110,18.3634979,-99.5190302,2025-12-05 14:38:00,"Dec 5, 2025 2:55 pm",True
133,1,Acapulco,10409,,,2025-12-05 14:38:00,"Dec 5, 2025 2:48 pm",False
278,1,Acapulco,10114,,,2025-12-05 14:39:00,"Dec 5, 2025 2:51 pm",False
307,1,Acapulco,10810,16.8129435,-99.8189945,2025-12-05 14:39:00,"Dec 5, 2025 2:51 pm",True
262,1,Acapulco,10113,,,2025-12-05 14:39:00,"Dec 5, 2025 2:52 pm",False
262,1,Acapulco,10104,16.8695222,-99.8612602,2025-12-05 14:39:00,"Dec 5, 2025 2:47 pm",True
1232,2,Chilpancingo,237,17.5527453,-99.5131592,2025-12-05 14:39:00,"Dec 5, 2025 2:58 pm",True
1540,3,Iguala,12312,18.3384475,-99.5447443,2025-12-05 14:39:00,"Dec 5, 2025 2:40 pm",True
1507,3,Iguala,325,,,2025-12-05 14:39:00,"Dec 5, 2025 2:44 pm",False
262,1,Acapulco,10117,,,2025-12-05 14:40:00,"Dec 5, 2025 2:49 pm",False
1496,3,Iguala,316,,,2025-12-05 14:41:00,"Dec 5, 2025 2:41 pm",False
1540,3,Iguala,12312,18.3384475,-99.5447443,2025-12-05 14:41:00,"Dec 5, 2025 2:42 pm",True
1503,3,Iguala,329,18.3478599,-99.5365098,2025-12-05 14:41:00,"Dec 5, 2025 2:43 pm",True
225,1,Acapulco,101713,,,2025-12-05 14:42:00,"Dec 5, 2025 2:46 pm",False
306,1,Acapulco,10802,16.8311103,-99.8073416,2025-12-05 14:42:00,"Dec 5, 2025 3:04 pm",True
1540,3,Iguala,1235,18.3384475,-99.5447443,2025-12-05 14:43:00,"Dec 5, 2025 2:53 pm",True
1503,3,Iguala,329,18.3479837,-99.5362896,2025-12-05 14:44:00,"Dec 5, 2025 2:46 pm",True
133,1,Acapulco,10407,17.9922883,-102.21367,2025-12-05 14:44:00,"Dec 5, 2025 2:54 pm",True
1265,2,Chilpancingo,245,,,2025-12-05 14:44:00,"Dec 5, 2025 2:49 pm",False
256,1,Acapulco,10804,,,2025-12-05 14:45:00,"Dec 5, 2025 2:52 pm",False
1488,3,Iguala,327,18.3580905,-99.5374654,2025-12-05 14:45:00,"Dec 5, 2025 2:58 pm",True
1503,3,Iguala,329,18.3478223,-99.5362439,2025-12-05 14:46:00,"Dec 5, 2025 2:47 pm",True
1232,2,Chilpancingo,231,17.5521187,-99.5103334,2025-12-05 14:45:00,"Dec 5, 2025 3:04 pm",True
278,1,Acapulco,10118,,,2025-12-05 14:48:00,"Dec 5, 2025 2:56 pm",False
1232,2,Chilpancingo,236,,,2025-12-05 14:50:00,"Dec 5, 2025 2:50 pm",False
1232,2,Chilpancingo,236,,,2025-12-05 14:50:00,"Dec 5, 2025 3:04 pm",False
1265,2,Chilpancingo,244,,,2025-12-05 14:50:00,"Dec 5, 2025 2:57 pm",False
1495,3,Iguala,319,,,2025-12-05 14:51:00,"Dec 5, 2025 3:03 pm",False
1530,3,Iguala,1238,18.3448477,-99.5397344,2025-12-05 14:52:00,"Dec 5, 2025 2:58 pm",True
278,1,Acapulco,10114,,,2025-12-05 14:51:00,"Dec 5, 2025 3:00 pm",False
2803,2,Chilpancingo,216,17.5508259,-99.5014623,2025-12-05 14:51:00,"Dec 5, 2025 3:04 pm",True
1488,3,Iguala,324,18.357458,-99.5361333,2025-12-05 14:52:00,"Dec 5, 2025 2:53 pm",True
307,1,Acapulco,10810,16.8129435,-99.8189945,2025-12-05 14:52:00,"Dec 5, 2025 3:00 pm",True
1265,2,Chilpancingo,245,,,2025-12-05 14:52:00,"Dec 5, 2025 2:58 pm",False
1530,3,Iguala,1234,18.3450812,-99.5569172,2025-12-05 14:52:00,"Dec 5, 2025 3:00 pm",True
1530,3,Iguala,1231,18.3450812,-99.5569172,2025-12-05 14:52:00,"Dec 5, 2025 3:03 pm",True
1530,3,Iguala,12307,18.3450812,-99.5569172,2025-12-05 14:59:00,"Dec 5, 2025 3:01 pm",True
1540,3,Iguala,1232,18.3389262,-99.5445537,2025-12-05 14:52:00,"Dec 5, 2025 2:54 pm",True
1530,3,Iguala,12311,18.3450812,-99.5569172,2025-12-05 14:53:00,"Dec 5, 2025 2:59 pm",True
2845,2,Chilpancingo,247,17.5206875,-99.5011875,2025-12-05 14:54:00,"Dec 5, 2025 3:03 pm",True
1540,3,Iguala,1233,,,2025-12-05 14:56:00,"Dec 5, 2025 2:59 pm",False
2845,2,Chilpancingo,249,28.4091495,-106.911339,2025-12-05 14:57:00,"Dec 5, 2025 2:59 pm",True
1265,2,Chilpancingo,244,,,2025-12-05 14:58:00,"Dec 5, 2025 3:04 pm",False
1257,2,Chilpancingo,234,,,2025-12-05 15:03:00,"Dec 5, 2025 3:03 pm",False
1540,3,Iguala,1236,18.3389262,-99.5445537,2025-12-05 14:58:00,"Dec 5, 2025 3:04 pm",True
1232,2,Chilpancingo,235,17.5527453,-99.5131592,2025-12-05 14:59:00,"Dec 5, 2025 3:03 pm",True
1265,2,Chilpancingo,245,,,2025-12-05 14:59:00,"Dec 5, 2025 3:04 pm",False
1223,2,Chilpancingo,221,17.5548628,-99.5104583,2025-12-05 15:00:00,"Dec 5, 2025 3:03 pm",True
1530,3,Iguala,32109,18.3450812,-99.5569172,2025-12-05 15:00:00,"Dec 5, 2025 3:03 pm",True
2845,2,Chilpancingo,249,,,2025-12-05 15:01:00,"Dec 5, 2025 3:01 pm",False
1531,3,Iguala,1233,,,2025-12-05 15:02:00,"Dec 5, 2025 3:03 pm",False
1531,3,Iguala,1232,,,2025-12-05 15:02:00,"Dec 5, 2025 3:03 pm",False
