Modified Date,seccion_electoral,municipio,id_encuestador,latitud,longitud
2025-12-03 21:10:55.118609,1241,CHILPANCINGO DE LOS BRAVO,ENC-015,17.554137787373318,-99.49386333174107
2025-12-02 21:10:55.120929,21,ACAPULCO DE JUAREZ,ENC-010,16.88050544207638,-99.91126256424019
2025-12-02 21:10:55.123844,1211,CHILPANCINGO DE LOS BRAVO,ENC-008,17.573697422812973,-99.50860703584945
2025-11-30 21:10:55.128302,229,ACAPULCO DE JUAREZ,ENC-004,16.880415374070584,-99.89140338375059
2025-11-30 21:10:55.132773,2831,IGUALA DE LA INDEPENDENCIA,ENC-012,18.31683479250011,-99.55909260415348
2025-12-03 21:10:55.139794,305,ACAPULCO DE JUAREZ,ENC-011,16.823281262103922,-99.82158583608349
2025-11-30 21:10:55.147034,208,ACAPULCO DE JUAREZ,ENC-005,16.88038177099719,-99.81237689903506
2025-12-01 21:10:55.149783,247,ACAPULCO DE JUAREZ,ENC-005,16.872910509090968,-99.8260094649493
2025-12-01 21:10:55.153441,31,ACAPULCO DE JUAREZ,ENC-005,16.876706134612117,-99.93041006101498
2025-12-01 21:10:55.156166,1235,CHILPANCINGO DE LOS BRAVO,ENC-003,17.54845954008632,-99.51070328151413
2025-12-03 21:10:55.160260,220,ACAPULCO DE JUAREZ,ENC-003,16.878105732481682,-99.86657824010238
2025-12-01 21:10:55.166333,1480,IGUALA DE LA INDEPENDENCIA,ENC-003,18.375412056440787,-99.56646138082745
2025-12-01 21:10:55.170794,1483,IGUALA DE LA INDEPENDENCIA,ENC-010,18.35921358873728,-99.54867534313237
2025-12-01 21:10:55.175340,143,ACAPULCO DE JUAREZ,ENC-003,16.90861865686386,-99.85842775705082
2025-12-03 21:10:55.181490,1541,IGUALA DE LA INDEPENDENCIA,ENC-013,18.332421081106943,-99.54287862782762
2025-12-01 21:10:55.186183,21,ACAPULCO DE JUAREZ,ENC-007,16.880647035075867,-99.91142183193331
2025-12-01 21:10:55.189758,1223,CHILPANCINGO DE LOS BRAVO,ENC-011,17.55520350736092,-99.51057250038248
2025-12-01 21:10:55.192648,1262,CHILPANCINGO DE LOS BRAVO,ENC-009,17.544029983728468,-99.49457739040372
2025-12-01 21:10:55.196499,9,ACAPULCO DE JUAREZ,ENC-001,16.89103921377058,-99.94637829161967
2025-12-03 21:10:55.199313,138,ACAPULCO DE JUAREZ,ENC-011,16.910807290239994,-99.81046637327597
2025-12-02 21:10:55.201969,188,ACAPULCO DE JUAREZ,ENC-003,16.890010323728987,-99.84658661986086
2025-12-01 21:10:55.204682,2819,CHILPANCINGO DE LOS BRAVO,ENC-008,17.56579637441359,-99.5157843106021
2025-12-01 21:10:55.207188,1499,IGUALA DE LA INDEPENDENCIA,ENC-002,18.356135967706503,-99.52025162647135
2025-11-30 21:10:55.210492,21,ACAPULCO DE JUAREZ,ENC-014,16.88072798600575,-99.911809706286
2025-12-01 21:10:55.213494,105,ACAPULCO DE JUAREZ,ENC-011,16.8322213650002,-99.91260492239526
2025-11-30 21:10:55.216308,1257,CHILPANCINGO DE LOS BRAVO,ENC-014,17.541682705816463,-99.4850809714034
2025-12-01 21:10:55.219258,312,ACAPULCO DE JUAREZ,ENC-004,16.755455209460447,-99.75734247042458
2025-12-01 21:10:55.223192,1269,CHILPANCINGO DE LOS BRAVO,ENC-009,17.533788724452204,-99.48702751038
2025-11-30 21:10:55.226964,1232,CHILPANCINGO DE LOS BRAVO,ENC-005,17.553016784569177,-99.51245346422556
2025-11-30 21:10:55.229531,1207,CHILPANCINGO DE LOS BRAVO,ENC-003,17.58209139423461,-99.47531058913815
2025-11-30 21:10:55.232033,1501,IGUALA DE LA INDEPENDENCIA,ENC-002,18.345436137092932,-99.52715783144536
2025-12-01 21:10:55.235473,121,ACAPULCO DE JUAREZ,ENC-009,16.91610464023325,-99.82582420341504
2025-12-02 21:10:55.238120,26,ACAPULCO DE JUAREZ,ENC-010,16.874676489498146,-99.90667765284452
2025-12-03 21:10:55.241110,1527,IGUALA DE LA INDEPENDENCIA,ENC-005,18.337891685610497,-99.53658791284566
2025-12-02 21:10:55.243801,1480,IGUALA DE LA INDEPENDENCIA,ENC-009,18.374796998743527,-99.5670261748464
2025-12-01 21:10:55.246738,1204,CHILPANCINGO DE LOS BRAVO,ENC-011,17.581987582681766,-99.52356582563033
2025-11-30 21:10:55.250207,105,ACAPULCO DE JUAREZ,ENC-008,16.832091414104937,-99.91283451635188
2025-12-02 21:10:55.253490,1271,CHILPANCINGO DE LOS BRAVO,ENC-008,17.540972178013547,-99.46866644660157
2025-12-02 21:10:55.255871,56,ACAPULCO DE JUAREZ,ENC-013,16.86149344715433,-99.90194117249324
2025-12-01 21:10:55.258146,1261,CHILPANCINGO DE LOS BRAVO,ENC-009,17.54159684054109,-99.49941702963247
2025-12-02 21:10:55.260389,66,ACAPULCO DE JUAREZ,ENC-005,16.858406277675382,-99.9095126447691
2025-12-02 21:10:55.262625,121,ACAPULCO DE JUAREZ,ENC-013,16.91460958936432,-99.83496897052189
2025-11-30 21:10:55.264895,37,ACAPULCO DE JUAREZ,ENC-008,16.87115762599607,-99.9068081137859
2025-12-02 21:10:55.267142,113,ACAPULCO DE JUAREZ,ENC-003,16.920037391663993,-99.8248520509378
2025-12-02 21:10:55.269412,1268,CHILPANCINGO DE LOS BRAVO,ENC-007,17.532416562109233,-99.49053894717898
2025-12-02 21:10:55.273078,1214,CHILPANCINGO DE LOS BRAVO,ENC-012,17.560946049940778,-99.51277493637097
2025-12-03 21:10:55.276285,1264,CHILPANCINGO DE LOS BRAVO,ENC-003,17.540426621308004,-99.51083599076797
2025-12-01 21:10:55.279103,111,ACAPULCO DE JUAREZ,ENC-006,16.90250698664285,-99.84922256310665
2025-12-02 21:10:55.282446,192,ACAPULCO DE JUAREZ,ENC-011,16.882892621145633,-99.89656404235873
2025-12-03 21:10:55.285580,1241,CHILPANCINGO DE LOS BRAVO,ENC-013,17.55253342967434,-99.49510851408051
2025-12-02 21:10:55.288112,1516,IGUALA DE LA INDEPENDENCIA,ENC-005,18.344226969935292,-99.5153958080571
2025-12-03 21:10:55.290380,1226,CHILPANCINGO DE LOS BRAVO,ENC-001,17.538202745488828,-99.49267529234996
2025-12-01 21:10:55.292975,21,ACAPULCO DE JUAREZ,ENC-001,16.880322087996024,-99.91182116061347
2025-12-03 21:10:55.295510,125,ACAPULCO DE JUAREZ,ENC-015,16.90402947384453,-99.97584815648233
2025-12-03 21:10:55.297819,1526,IGUALA DE LA INDEPENDENCIA,ENC-008,18.338116250585756,-99.53386734218248
2025-12-02 21:10:55.300083,60,ACAPULCO DE JUAREZ,ENC-011,16.86311342640066,-99.89489566425117
2025-12-01 21:10:55.303244,171,ACAPULCO DE JUAREZ,ENC-014,16.893933184880705,-99.84552844691777
2025-12-01 21:10:55.306463,158,ACAPULCO DE JUAREZ,ENC-004,16.896966420193888,-99.82695873939849
2025-12-03 21:10:55.309271,1268,CHILPANCINGO DE LOS BRAVO,ENC-008,17.533187238129944,-99.49150127296879
2025-12-02 21:10:55.311964,1538,IGUALA DE LA INDEPENDENCIA,ENC-002,18.340548670753726,-99.54913841516709
2025-11-30 21:10:55.314403,37,ACAPULCO DE JUAREZ,ENC-002,16.87056751182848,-99.90689288239106
2025-12-02 21:10:55.316715,1207,CHILPANCINGO DE LOS BRAVO,ENC-009,17.5827486716659,-99.47524961684489
2025-11-30 21:10:55.319188,1494,IGUALA DE LA INDEPENDENCIA,ENC-011,18.373487194877402,-99.51396617869057
2025-12-03 21:10:55.321475,1516,IGUALA DE LA INDEPENDENCIA,ENC-001,18.34285633918959,-99.5166516311052
2025-11-30 21:10:55.323719,185,ACAPULCO DE JUAREZ,ENC-004,16.88842624877403,-99.83266912380647
2025-12-03 21:10:55.326081,281,ACAPULCO DE JUAREZ,ENC-015,16.858285820768877,-99.80508763499734
2025-12-01 21:10:55.328423,1480,IGUALA DE LA INDEPENDENCIA,ENC-015,18.3751704822636,-99.56668793857791
2025-12-03 21:10:55.330660,1228,CHILPANCINGO DE LOS BRAVO,ENC-015,17.575144445277292,-99.48179049945666
2025-12-02 21:10:55.332886,1531,IGUALA DE LA INDEPENDENCIA,ENC-001,18.341620164584207,-99.54519434910442
2025-12-02 21:10:55.335186,1543,IGUALA DE LA INDEPENDENCIA,ENC-007,18.319617821737303,-99.48232769053548
2025-12-03 21:10:55.337420,26,ACAPULCO DE JUAREZ,ENC-008,16.875062837658206,-99.90658881554059
2025-12-02 21:10:55.339647,52,ACAPULCO DE JUAREZ,ENC-009,16.85858845311556,-99.91716024111194
2025-12-03 21:10:55.341929,312,ACAPULCO DE JUAREZ,ENC-012,16.755935801116735,-99.75597586389073
2025-12-01 21:10:55.346026,1483,IGUALA DE LA INDEPENDENCIA,ENC-005,18.36015794563239,-99.54855702005044
2025-12-03 21:10:55.348909,1502,IGUALA DE LA INDEPENDENCIA,ENC-001,18.349137164300583,-99.53363109124145
2025-11-30 21:10:55.351675,1530,IGUALA DE LA INDEPENDENCIA,ENC-011,18.33850482533173,-99.54356684870115
2025-11-30 21:10:55.354272,1211,CHILPANCINGO DE LOS BRAVO,ENC-001,17.573726232457854,-99.50729832170153
2025-12-02 21:10:55.356713,188,ACAPULCO DE JUAREZ,ENC-006,16.874253060618248,-99.85509548374573
2025-12-02 21:10:55.359008,1269,CHILPANCINGO DE LOS BRAVO,ENC-003,17.53419855071008,-99.4857183990513
2025-12-02 21:10:55.361329,125,ACAPULCO DE JUAREZ,ENC-010,16.91409116478838,-99.98115211700942
2025-12-02 21:10:55.363559,1289,CHILPANCINGO DE LOS BRAVO,ENC-009,17.40133556521507,-99.46306757658232
2025-12-01 21:10:55.365783,1204,CHILPANCINGO DE LOS BRAVO,ENC-010,17.581779480780096,-99.52203516343587
2025-12-03 21:10:55.369238,181,ACAPULCO DE JUAREZ,ENC-007,16.88776253067444,-99.82230671097277
2025-11-30 21:10:55.374037,306,ACAPULCO DE JUAREZ,ENC-015,16.815460795920274,-99.80541239749728
2025-11-30 21:10:55.377545,19,ACAPULCO DE JUAREZ,ENC-013,16.877635548636704,-99.93802928927626
2025-11-30 21:10:55.380180,1532,IGUALA DE LA INDEPENDENCIA,ENC-004,18.342625877708098,-99.54801757430917
2025-12-03 21:10:55.382794,81,ACAPULCO DE JUAREZ,ENC-008,16.85888526457904,-99.88058709266126
2025-12-03 21:10:55.385818,120,ACAPULCO DE JUAREZ,ENC-005,16.91546773697098,-99.82840743316223
2025-12-03 21:10:55.388593,1500,IGUALA DE LA INDEPENDENCIA,ENC-004,18.351689599576016,-99.52462639679268
2025-12-01 21:10:55.391228,66,ACAPULCO DE JUAREZ,ENC-001,16.856839622139212,-99.90934591437781
2025-12-03 21:10:55.394234,2845,CHILPANCINGO DE LOS BRAVO,ENC-015,17.49946599659521,-99.53271558020202
2025-12-02 21:10:55.397443,171,ACAPULCO DE JUAREZ,ENC-001,16.892316330445357,-99.84544683483912
2025-12-01 21:10:55.401311,1204,CHILPANCINGO DE LOS BRAVO,ENC-009,17.58279467958217,-99.52267834356196
2025-12-01 21:10:55.405126,52,ACAPULCO DE JUAREZ,ENC-004,16.85676432385287,-99.91764654871477
2025-12-01 21:10:55.408242,1262,CHILPANCINGO DE LOS BRAVO,ENC-007,17.544295296396882,-99.49545574184029
2025-12-02 21:10:55.411172,1218,CHILPANCINGO DE LOS BRAVO,ENC-003,17.566098485411157,-99.49356874482056
2025-12-02 21:10:55.414072,1207,CHILPANCINGO DE LOS BRAVO,ENC-003,17.582338805570238,-99.47454920861242
2025-12-03 21:10:55.416750,1480,IGUALA DE LA INDEPENDENCIA,ENC-013,18.3751858010916,-99.56810340304013
2025-11-30 21:10:55.419815,138,ACAPULCO DE JUAREZ,ENC-009,16.904390774102595,-99.8305540611172
2025-12-02 21:10:55.422491,1517,IGUALA DE LA INDEPENDENCIA,ENC-014,18.345204141881286,-99.51465616983967
2025-12-01 21:10:55.424869,1495,IGUALA DE LA INDEPENDENCIA,ENC-013,18.345596804050047,-99.5113387011474
2025-12-03 21:10:55.427095,1541,IGUALA DE LA INDEPENDENCIA,ENC-014,18.3332554468027,-99.54287338721947
2025-11-30 21:10:55.429303,229,ACAPULCO DE JUAREZ,ENC-015,16.88062965586163,-99.89054720572479
2025-12-01 21:10:55.431511,1503,IGUALA DE LA INDEPENDENCIA,ENC-005,18.348107575622958,-99.53578237682846
2025-12-03 21:10:55.433721,256,ACAPULCO DE JUAREZ,ENC-011,16.868785940271138,-99.88111872205685
2025-11-30 21:10:55.435967,1496,IGUALA DE LA INDEPENDENCIA,ENC-012,18.36031026944983,-99.52187686729525
2025-12-02 21:10:55.438576,278,ACAPULCO DE JUAREZ,ENC-008,16.86036378087174,-99.86572546765854
2025-12-03 21:10:55.442370,165,ACAPULCO DE JUAREZ,ENC-009,16.89479424997711,-99.86771740352704
2025-12-01 21:10:55.445136,1483,IGUALA DE LA INDEPENDENCIA,ENC-006,18.358950059805213,-99.5489036561324
2025-12-01 21:10:55.447882,1500,IGUALA DE LA INDEPENDENCIA,ENC-007,18.351878879126886,-99.52559248480482
2025-12-03 21:10:55.450434,2819,CHILPANCINGO DE LOS BRAVO,ENC-008,17.56459906367552,-99.51539183649079
2025-12-01 21:10:55.453001,1524,IGUALA DE LA INDEPENDENCIA,ENC-003,18.33270889014801,-99.52933194881521
2025-11-30 21:10:55.455456,1485,IGUALA DE LA INDEPENDENCIA,ENC-006,18.37065098300616,-99.53651265765944
2025-12-02 21:10:55.457738,1281,CHILPANCINGO DE LOS BRAVO,ENC-003,17.499838422571024,-99.44796373740873
2025-12-03 21:10:55.459951,306,ACAPULCO DE JUAREZ,ENC-012,16.816553542371576,-99.80606602006176
2025-12-03 21:10:55.462298,158,ACAPULCO DE JUAREZ,ENC-012,16.896750671417045,-99.82591121740532
2025-12-01 21:10:55.464599,1530,IGUALA DE LA INDEPENDENCIA,ENC-001,18.338796405411678,-99.5435756563728
2025-11-30 21:10:55.466825,1218,CHILPANCINGO DE LOS BRAVO,ENC-001,17.565008886206087,-99.49398029057217
2025-11-30 21:10:55.469807,1500,IGUALA DE LA INDEPENDENCIA,ENC-008,18.37050650707879,-99.50921940992295
2025-11-30 21:10:55.472108,296,ACAPULCO DE JUAREZ,ENC-008,16.852332836842322,-99.81480731347291
2025-12-01 21:10:55.474321,19,ACAPULCO DE JUAREZ,ENC-004,16.876641716301414,-99.93813198264907
2025-12-03 21:10:55.476521,2841,CHILPANCINGO DE LOS BRAVO,ENC-008,17.531614259246897,-99.50011812912248
2025-12-01 21:10:55.478724,1264,CHILPANCINGO DE LOS BRAVO,ENC-001,17.539234091273098,-99.5103789117076
2025-12-03 21:10:55.480942,25,ACAPULCO DE JUAREZ,ENC-006,16.877235881749737,-99.89866111970122
2025-12-02 21:10:55.483140,1531,IGUALA DE LA INDEPENDENCIA,ENC-010,18.340392261860348,-99.54564063615535
2025-12-03 21:10:55.485348,192,ACAPULCO DE JUAREZ,ENC-009,16.884499071670078,-99.89693569508465
2025-12-01 21:10:55.488943,287,ACAPULCO DE JUAREZ,ENC-012,16.86407120120823,-99.87348425688924
2025-12-02 21:10:55.492060,124,ACAPULCO DE JUAREZ,ENC-011,16.908050716969854,-99.96025915874581
2025-11-30 21:10:55.495068,1534,IGUALA DE LA INDEPENDENCIA,ENC-009,18.33806277905341,-99.56039799810691
2025-11-30 21:10:55.497841,2841,CHILPANCINGO DE LOS BRAVO,ENC-007,17.531680663804128,-99.50138384981175
2025-12-03 21:10:55.500453,1502,IGUALA DE LA INDEPENDENCIA,ENC-014,18.348386128751137,-99.53454566279784
2025-12-02 21:10:55.502861,2823,CHILPANCINGO DE LOS BRAVO,ENC-006,17.5579625006539,-99.51892214724862
2025-12-02 21:10:55.505110,151,ACAPULCO DE JUAREZ,ENC-008,16.901966803915574,-99.82553023338208
2025-11-30 21:10:55.507323,2842,CHILPANCINGO DE LOS BRAVO,ENC-004,17.52172304622262,-99.49349320185591
2025-12-02 21:10:55.509533,142,ACAPULCO DE JUAREZ,ENC-007,16.906783687496628,-99.84571600816906
2025-11-30 21:10:55.511979,1228,CHILPANCINGO DE LOS BRAVO,ENC-005,17.560715772169036,-99.49438068454876
2025-12-02 21:10:55.514214,1547,IGUALA DE LA INDEPENDENCIA,ENC-005,18.35749163893312,-99.47998919267968
2025-12-01 21:10:55.516421,1542,IGUALA DE LA INDEPENDENCIA,ENC-009,18.324256534972747,-99.54101590320838
2025-12-01 21:10:55.518659,225,ACAPULCO DE JUAREZ,ENC-014,16.878718307299707,-99.88008128299016
2025-12-03 21:10:55.520890,1226,CHILPANCINGO DE LOS BRAVO,ENC-013,17.548285917768013,-99.49919814676319
2025-12-01 21:10:55.523111,207,ACAPULCO DE JUAREZ,ENC-010,16.884203201262572,-99.81514540587969
2025-12-01 21:10:55.525600,1541,IGUALA DE LA INDEPENDENCIA,ENC-009,18.33301190451508,-99.54201719220016
2025-12-02 21:10:55.528422,2803,CHILPANCINGO DE LOS BRAVO,ENC-002,17.564449759516407,-99.49852251315971
2025-12-02 21:10:55.531428,125,ACAPULCO DE JUAREZ,ENC-010,16.90910707059034,-99.96467956135265
2025-12-01 21:10:55.534347,1281,CHILPANCINGO DE LOS BRAVO,ENC-010,17.500896253151687,-99.460383804396
2025-11-30 21:10:55.537416,2803,CHILPANCINGO DE LOS BRAVO,ENC-006,17.565925945864077,-99.49854621211159
2025-12-03 21:10:55.541178,31,ACAPULCO DE JUAREZ,ENC-015,16.876678170836982,-99.92894515834256
2025-12-03 21:10:55.544598,26,ACAPULCO DE JUAREZ,ENC-013,16.874069533687422,-99.90784225501875
2025-11-30 21:10:55.548096,1516,IGUALA DE LA INDEPENDENCIA,ENC-012,18.3441506439204,-99.5159368695178
2025-12-02 21:10:55.551276,192,ACAPULCO DE JUAREZ,ENC-012,16.86499524523639,-99.88843508382344
2025-12-02 21:10:55.553694,306,ACAPULCO DE JUAREZ,ENC-015,16.816413090823076,-99.80490067342488
2025-12-03 21:10:55.555933,113,ACAPULCO DE JUAREZ,ENC-004,16.920088408868583,-99.82603289663393
2025-12-01 21:10:55.558454,229,ACAPULCO DE JUAREZ,ENC-003,16.881136093451648,-99.89124439388304
2025-12-02 21:10:55.562148,1268,CHILPANCINGO DE LOS BRAVO,ENC-007,17.533603939706346,-99.49228575301177
2025-12-03 21:10:55.564905,1212,CHILPANCINGO DE LOS BRAVO,ENC-011,17.568308926179355,-99.51419656961298
2025-12-02 21:10:55.567641,1266,CHILPANCINGO DE LOS BRAVO,ENC-003,17.538203035675664,-99.50561681723367
2025-11-30 21:10:55.571287,136,ACAPULCO DE JUAREZ,ENC-005,16.90481860087569,-99.82031869559471
2025-12-02 21:10:55.574252,1481,IGUALA DE LA INDEPENDENCIA,ENC-012,18.362008669073294,-99.57965798275526
2025-12-02 21:10:55.576984,1269,CHILPANCINGO DE LOS BRAVO,ENC-011,17.534122166540396,-99.48723366889617
2025-12-03 21:10:55.579610,229,ACAPULCO DE JUAREZ,ENC-008,16.879399627818646,-99.89025978638334
2025-12-01 21:10:55.582094,197,ACAPULCO DE JUAREZ,ENC-010,16.883424262096895,-99.85907382529085
2025-12-01 21:10:55.584654,1521,IGUALA DE LA INDEPENDENCIA,ENC-002,18.33349465756202,-99.52405775633748
2025-12-01 21:10:55.587018,305,ACAPULCO DE JUAREZ,ENC-006,16.82249746024111,-99.82206941962261
2025-12-03 21:10:55.589775,1500,IGUALA DE LA INDEPENDENCIA,ENC-005,18.35226399565927,-99.52522755685865
2025-12-02 21:10:55.592364,188,ACAPULCO DE JUAREZ,ENC-003,16.889809880176152,-99.84574695343747
2025-12-01 21:10:55.595420,1523,IGUALA DE LA INDEPENDENCIA,ENC-004,18.334039649237397,-99.52759697594774
2025-12-03 21:10:55.598096,136,ACAPULCO DE JUAREZ,ENC-015,16.90448568460425,-99.820854906551
2025-12-03 21:10:55.600662,1235,CHILPANCINGO DE LOS BRAVO,ENC-004,17.54926559575589,-99.51147195960904
2025-11-30 21:10:55.603881,1491,IGUALA DE LA INDEPENDENCIA,ENC-014,18.356287189085993,-99.53221458173576
2025-12-02 21:10:55.607128,1271,CHILPANCINGO DE LOS BRAVO,ENC-002,17.532061229613383,-99.45887921832919
2025-12-02 21:10:55.609683,21,ACAPULCO DE JUAREZ,ENC-012,16.90105611677508,-99.89507125155934
2025-11-30 21:10:55.611891,1503,IGUALA DE LA INDEPENDENCIA,ENC-010,18.347076541772466,-99.53495565795028
2025-11-30 21:10:55.616187,1255,CHILPANCINGO DE LOS BRAVO,ENC-012,17.54672316611353,-99.49484284132147
2025-12-01 21:10:55.618839,1206,CHILPANCINGO DE LOS BRAVO,ENC-007,17.575797599018674,-99.51033475345172
2025-12-02 21:10:55.621503,2835,ACAPULCO DE JUAREZ,ENC-011,16.920959618200307,-99.80651158927965
2025-12-02 21:10:55.624215,1245,CHILPANCINGO DE LOS BRAVO,ENC-003,17.55047743772549,-99.48019928083959
2025-12-02 21:10:55.626921,192,ACAPULCO DE JUAREZ,ENC-013,16.88333131311864,-99.89690353779251
2025-12-01 21:10:55.629881,25,ACAPULCO DE JUAREZ,ENC-006,16.876547912864893,-99.89844967186131
2025-11-30 21:10:55.633254,181,ACAPULCO DE JUAREZ,ENC-014,16.887772169698373,-99.82078225144029
2025-12-01 21:10:55.636653,151,ACAPULCO DE JUAREZ,ENC-013,16.90080299918147,-99.82566365874446
2025-11-30 21:10:55.640052,1211,CHILPANCINGO DE LOS BRAVO,ENC-015,17.573458749404004,-99.50839392034403
2025-11-30 21:10:55.643782,1505,IGUALA DE LA INDEPENDENCIA,ENC-004,18.33358069009857,-99.52651902573929
2025-12-02 21:10:55.647136,1536,IGUALA DE LA INDEPENDENCIA,ENC-008,18.340582345168908,-99.55670177820133
2025-12-03 21:10:55.649866,1241,CHILPANCINGO DE LOS BRAVO,ENC-004,17.554030364327897,-99.49434172989794
2025-12-01 21:10:55.652672,2805,ACAPULCO DE JUAREZ,ENC-013,16.848148693763058,-99.79912148010496
2025-12-03 21:10:55.655548,1536,IGUALA DE LA INDEPENDENCIA,ENC-003,18.341780192820245,-99.55525980445661
2025-12-02 21:10:55.659275,1485,IGUALA DE LA INDEPENDENCIA,ENC-014,18.365690045785627,-99.5485522992918
2025-12-03 21:10:55.663489,1241,CHILPANCINGO DE LOS BRAVO,ENC-007,17.554338003452735,-99.49324804099791
2025-12-03 21:10:55.666948,1530,IGUALA DE LA INDEPENDENCIA,ENC-002,18.33964184930862,-99.5427107950853
2025-12-01 21:10:55.669677,1499,IGUALA DE LA INDEPENDENCIA,ENC-005,18.340092356808128,-99.5314917667879
2025-12-01 21:10:55.672144,1304,CHILPANCINGO DE LOS BRAVO,ENC-002,17.245594491596496,-99.52005178280959
2025-12-01 21:10:55.674400,1480,IGUALA DE LA INDEPENDENCIA,ENC-011,18.392135438137682,-99.54773668920375
2025-12-03 21:10:55.676826,60,ACAPULCO DE JUAREZ,ENC-004,16.864832678329126,-99.89383231075702
2025-12-01 21:10:55.680819,37,ACAPULCO DE JUAREZ,ENC-001,16.871348030510713,-99.90513268302595
2025-12-01 21:10:55.683845,1501,IGUALA DE LA INDEPENDENCIA,ENC-014,18.34505962393953,-99.52706855521862
2025-11-30 21:10:55.687511,1519,IGUALA DE LA INDEPENDENCIA,ENC-013,18.339840655214058,-99.50457047874671
2025-12-03 21:10:55.692409,114,ACAPULCO DE JUAREZ,ENC-013,16.92223687765564,-99.8159648039704
2025-12-03 21:10:55.695783,1541,IGUALA DE LA INDEPENDENCIA,ENC-003,18.333079402561548,-99.54106829604859
2025-12-02 21:10:55.699255,1485,IGUALA DE LA INDEPENDENCIA,ENC-011,18.37075555594505,-99.53649843154963
2025-12-03 21:10:55.702108,278,ACAPULCO DE JUAREZ,ENC-007,16.860936430032346,-99.86450071133268
2025-12-03 21:10:55.705209,1547,IGUALA DE LA INDEPENDENCIA,ENC-003,18.358781460191278,-99.47872515513745
2025-11-30 21:10:55.708561,1210,CHILPANCINGO DE LOS BRAVO,ENC-013,17.56689204459317,-99.50227567855697
2025-11-30 21:10:55.711439,1536,IGUALA DE LA INDEPENDENCIA,ENC-002,18.341671036522833,-99.55489737762983
2025-12-03 21:10:55.714513,1271,CHILPANCINGO DE LOS BRAVO,ENC-005,17.532790285695118,-99.45855179548056
2025-11-30 21:10:55.717770,142,ACAPULCO DE JUAREZ,ENC-004,16.905223512056313,-99.84650073831648
2025-11-30 21:10:55.721023,2823,CHILPANCINGO DE LOS BRAVO,ENC-013,17.542977689901768,-99.5124116253016
2025-11-30 21:10:55.724126,1492,IGUALA DE LA INDEPENDENCIA,ENC-002,18.356221521694888,-99.53090710212635
2025-12-01 21:10:55.726701,1502,IGUALA DE LA INDEPENDENCIA,ENC-008,18.350096878859297,-99.53500129309931
2025-12-01 21:10:55.728970,37,ACAPULCO DE JUAREZ,ENC-001,16.870697105265016,-99.90553970455369
2025-11-30 21:10:55.731498,1540,IGUALA DE LA INDEPENDENCIA,ENC-013,18.334979769440434,-99.54625237701015
2025-12-03 21:10:55.734244,296,ACAPULCO DE JUAREZ,ENC-012,16.852690473831334,-99.81414032913591
2025-12-01 21:10:55.736984,1219,CHILPANCINGO DE LOS BRAVO,ENC-015,17.56147628392973,-99.50086602639516
2025-12-02 21:10:55.739312,1521,IGUALA DE LA INDEPENDENCIA,ENC-009,18.332749078219713,-99.52433892221792
2025-12-03 21:10:55.741552,1261,CHILPANCINGO DE LOS BRAVO,ENC-005,17.540686738565174,-99.49865105666332
2025-12-01 21:10:55.743769,1261,CHILPANCINGO DE LOS BRAVO,ENC-009,17.541086743191666,-99.4985749812332
2025-12-01 21:10:55.745950,1223,CHILPANCINGO DE LOS BRAVO,ENC-010,17.555880305010803,-99.50956619915118
2025-11-30 21:10:55.748130,1530,IGUALA DE LA INDEPENDENCIA,ENC-005,18.339314110004295,-99.54248032717392
2025-12-02 21:10:55.750849,60,ACAPULCO DE JUAREZ,ENC-009,16.864791904680025,-99.89354812601236
2025-12-01 21:10:55.754493,31,ACAPULCO DE JUAREZ,ENC-011,16.87668220858586,-99.92963089346071
2025-11-30 21:10:55.757217,1505,IGUALA DE LA INDEPENDENCIA,ENC-007,18.34675951718636,-99.54012757691956
2025-12-01 21:10:55.759931,1540,IGUALA DE LA INDEPENDENCIA,ENC-015,18.335532331146744,-99.54448709691476
2025-12-03 21:10:55.762435,1532,IGUALA DE LA INDEPENDENCIA,ENC-004,18.342700085339317,-99.54810201513719
2025-12-01 21:10:55.764821,1271,CHILPANCINGO DE LOS BRAVO,ENC-013,17.532691299423146,-99.45792750846408
2025-12-01 21:10:55.767243,1260,CHILPANCINGO DE LOS BRAVO,ENC-005,17.541849737523773,-99.50515304514758
2025-12-02 21:10:55.769589,1241,CHILPANCINGO DE LOS BRAVO,ENC-015,17.552854680838244,-99.49448555624257
2025-12-02 21:10:55.771801,1269,CHILPANCINGO DE LOS BRAVO,ENC-008,17.534470870768658,-99.48683844906391
2025-11-30 21:10:55.774118,1259,CHILPANCINGO DE LOS BRAVO,ENC-004,17.519665416365022,-99.56566493721691
2025-12-02 21:10:55.778003,265,ACAPULCO DE JUAREZ,ENC-005,16.86917695110692,-99.81862540837929
2025-11-30 21:10:55.780805,1241,CHILPANCINGO DE LOS BRAVO,ENC-010,17.552505599802036,-99.49344144231752
2025-12-03 21:10:55.784002,1218,CHILPANCINGO DE LOS BRAVO,ENC-001,17.565496361827137,-99.49382242253616
2025-11-30 21:10:55.786792,1492,IGUALA DE LA INDEPENDENCIA,ENC-004,18.35603515327301,-99.5296137240985
2025-11-30 21:10:55.789357,1241,CHILPANCINGO DE LOS BRAVO,ENC-008,17.553387704866037,-99.49509551095571
2025-12-02 21:10:55.791748,56,ACAPULCO DE JUAREZ,ENC-015,16.86273950532495,-99.90148337718274
2025-12-01 21:10:55.793972,2819,CHILPANCINGO DE LOS BRAVO,ENC-006,17.56457540942283,-99.51607304075233
2025-12-03 21:10:55.796145,1523,IGUALA DE LA INDEPENDENCIA,ENC-009,18.333859916478872,-99.52672332351005
2025-12-01 21:10:55.798509,1542,IGUALA DE LA INDEPENDENCIA,ENC-014,18.314100532112455,-99.52370558346219
2025-12-03 21:10:55.800807,2845,CHILPANCINGO DE LOS BRAVO,ENC-004,17.49811092050629,-99.53271042788835
2025-12-01 21:10:55.803011,133,ACAPULCO DE JUAREZ,ENC-012,16.909461244155207,-99.82790334673597
2025-12-02 21:10:55.805202,2803,CHILPANCINGO DE LOS BRAVO,ENC-003,17.564861790676204,-99.49803056968499
2025-11-30 21:10:55.807389,1219,CHILPANCINGO DE LOS BRAVO,ENC-004,17.560171734804868,-99.50209284757932
2025-12-02 21:10:55.809596,1493,IGUALA DE LA INDEPENDENCIA,ENC-013,18.37666295400962,-99.52724981784783
2025-12-03 21:10:55.811772,306,ACAPULCO DE JUAREZ,ENC-005,16.834281976814637,-99.81173122750349
2025-12-02 21:10:55.813953,1509,IGUALA DE LA INDEPENDENCIA,ENC-007,18.354851769650892,-99.5469950922416
2025-12-03 21:10:55.816131,1210,CHILPANCINGO DE LOS BRAVO,ENC-001,17.566926469582302,-99.50262436601074
2025-12-01 21:10:55.818334,145,ACAPULCO DE JUAREZ,ENC-015,16.90196431475971,-99.84863408690391
2025-11-30 21:10:55.820521,1259,CHILPANCINGO DE LOS BRAVO,ENC-007,17.520880210142334,-99.56474532635278
2025-12-02 21:10:55.823486,312,ACAPULCO DE JUAREZ,ENC-008,16.75706911475945,-99.75642716960232
2025-12-03 21:10:55.826934,188,ACAPULCO DE JUAREZ,ENC-015,16.889521023221317,-99.84542076796369
2025-11-30 21:10:55.829651,19,ACAPULCO DE JUAREZ,ENC-013,16.878124092568527,-99.93781495414554
2025-12-01 21:10:55.832366,1243,CHILPANCINGO DE LOS BRAVO,ENC-011,17.558334336855093,-99.4882934144065
2025-12-03 21:10:55.834821,2822,CHILPANCINGO DE LOS BRAVO,ENC-011,17.554082228160894,-99.5413529040044
2025-12-02 21:10:55.837179,265,ACAPULCO DE JUAREZ,ENC-008,16.87022623004609,-99.81772406941032
2025-12-03 21:10:55.839359,9,ACAPULCO DE JUAREZ,ENC-003,16.890828790342468,-99.94504414610273
2025-12-02 21:10:55.841587,181,ACAPULCO DE JUAREZ,ENC-014,16.88748043807562,-99.82131435262683
2025-11-30 21:10:55.843834,225,ACAPULCO DE JUAREZ,ENC-012,16.879389627775097,-99.87960779873741
2025-12-01 21:10:55.846170,2803,CHILPANCINGO DE LOS BRAVO,ENC-004,17.56625663417406,-99.49900510921753
2025-12-02 21:10:55.848499,66,ACAPULCO DE JUAREZ,ENC-008,16.857084748077686,-99.90779814780456
2025-12-03 21:10:55.850726,118,ACAPULCO DE JUAREZ,ENC-006,16.912646547153287,-99.81795855188884
2025-11-30 21:10:55.852911,1503,IGUALA DE LA INDEPENDENCIA,ENC-008,18.34658628951325,-99.53438710482781
2025-12-02 21:10:55.856243,207,ACAPULCO DE JUAREZ,ENC-009,16.884978313481227,-99.81492511570212
2025-12-03 21:10:55.859341,302,ACAPULCO DE JUAREZ,ENC-015,16.820783464003956,-99.85520023407247
2025-12-02 21:10:55.862080,1509,IGUALA DE LA INDEPENDENCIA,ENC-013,18.354778945413905,-99.54651065134215
2025-12-02 21:10:55.864749,256,ACAPULCO DE JUAREZ,ENC-015,16.86830036233509,-99.88114609242056
2025-12-03 21:10:55.867126,1238,CHILPANCINGO DE LOS BRAVO,ENC-004,17.550375394526288,-99.50299932894575
2025-11-30 21:10:55.869411,1486,IGUALA DE LA INDEPENDENCIA,ENC-011,18.35406626911303,-99.5414327390901
2025-12-01 21:10:55.871580,296,ACAPULCO DE JUAREZ,ENC-005,16.851159358281716,-99.81490796284426
2025-11-30 21:10:55.873754,81,ACAPULCO DE JUAREZ,ENC-013,16.856612903857197,-99.89794890402968
2025-12-03 21:10:55.875944,118,ACAPULCO DE JUAREZ,ENC-004,16.912058822700025,-99.81771993630507
2025-11-30 21:10:55.878255,1509,IGUALA DE LA INDEPENDENCIA,ENC-011,18.356076426824004,-99.54684601326845
2025-12-02 21:10:55.880536,278,ACAPULCO DE JUAREZ,ENC-013,16.859635304377566,-99.86437155060106
2025-12-02 21:10:55.882739,185,ACAPULCO DE JUAREZ,ENC-002,16.888309756060835,-99.83234607014028
2025-11-30 21:10:55.884921,1206,CHILPANCINGO DE LOS BRAVO,ENC-012,17.575732576263203,-99.5088880768964
2025-11-30 21:10:55.887100,1257,CHILPANCINGO DE LOS BRAVO,ENC-013,17.542380935218365,-99.48326941450597
2025-12-01 21:10:55.889277,81,ACAPULCO DE JUAREZ,ENC-014,16.855389089701518,-99.8977964468109
2025-12-01 21:10:55.891459,1211,CHILPANCINGO DE LOS BRAVO,ENC-006,17.573979943880985,-99.50716564259862
2025-12-01 21:10:55.893670,1526,IGUALA DE LA INDEPENDENCIA,ENC-012,18.355380649882875,-99.51657092632048
2025-12-02 21:10:55.896532,197,ACAPULCO DE JUAREZ,ENC-013,16.883898527869118,-99.85902296480212
2025-12-01 21:10:55.898899,1517,IGUALA DE LA INDEPENDENCIA,ENC-003,18.328168466421996,-99.50671961248086
2025-12-01 21:10:55.901224,302,ACAPULCO DE JUAREZ,ENC-012,16.821640104115982,-99.85619873225761
2025-12-02 21:10:55.903405,1524,IGUALA DE LA INDEPENDENCIA,ENC-009,18.333335280790095,-99.53080471371042
2025-12-02 21:10:55.905586,1486,IGUALA DE LA INDEPENDENCIA,ENC-012,18.35571818958415,-99.54136519752922
2025-12-02 21:10:55.907767,138,ACAPULCO DE JUAREZ,ENC-010,16.90549099427641,-99.82920789654469
2025-12-03 21:10:55.910006,1501,IGUALA DE LA INDEPENDENCIA,ENC-011,18.3454923241795,-99.52694295278502
2025-12-03 21:10:55.913896,225,ACAPULCO DE JUAREZ,ENC-003,16.87838328832288,-99.87945274504315
2025-11-30 21:10:55.916724,9,ACAPULCO DE JUAREZ,ENC-014,16.888451219499157,-99.94411283448206
2025-12-02 21:10:55.919429,145,ACAPULCO DE JUAREZ,ENC-012,16.88633467037744,-99.8617702548179
2025-12-01 21:10:55.922000,1488,IGUALA DE LA INDEPENDENCIA,ENC-013,18.357716173599677,-99.53424852940884
2025-12-01 21:10:55.925735,1525,IGUALA DE LA INDEPENDENCIA,ENC-011,18.326220637232293,-99.53482246913059
2025-12-01 21:10:55.928627,1271,CHILPANCINGO DE LOS BRAVO,ENC-007,17.53289155778723,-99.4578401315838
2025-11-30 21:10:55.931003,1485,IGUALA DE LA INDEPENDENCIA,ENC-005,18.371921218824536,-99.53675447687594
2025-12-02 21:10:55.933250,1493,IGUALA DE LA INDEPENDENCIA,ENC-005,18.376039568896513,-99.52732832788263
2025-11-30 21:10:55.935431,185,ACAPULCO DE JUAREZ,ENC-009,16.88872261819276,-99.83195941484838
2025-11-30 21:10:55.939208,1261,CHILPANCINGO DE LOS BRAVO,ENC-002,17.541753760412004,-99.49852647952562
2025-12-01 21:10:55.942048,1235,CHILPANCINGO DE LOS BRAVO,ENC-007,17.53152963520071,-99.52699343134208
2025-12-03 21:10:55.944934,1243,CHILPANCINGO DE LOS BRAVO,ENC-008,17.557823302052917,-99.48964292436926
2025-12-03 21:10:55.947705,1485,IGUALA DE LA INDEPENDENCIA,ENC-005,18.37114201723961,-99.53649160955318
2025-12-01 21:10:55.951371,2835,ACAPULCO DE JUAREZ,ENC-008,16.921128240375584,-99.80620487139382
2025-11-30 21:10:55.953689,1540,IGUALA DE LA INDEPENDENCIA,ENC-006,18.33546422243085,-99.54624917859792
2025-12-03 21:10:55.955872,1262,CHILPANCINGO DE LOS BRAVO,ENC-013,17.544332167337995,-99.49525598879845
2025-12-02 21:10:55.958083,118,ACAPULCO DE JUAREZ,ENC-001,16.913122007325153,-99.81723711426423
2025-12-02 21:10:55.960258,207,ACAPULCO DE JUAREZ,ENC-014,16.883805933684073,-99.81471374904743
2025-12-01 21:10:55.962434,1210,CHILPANCINGO DE LOS BRAVO,ENC-014,17.566444823724616,-99.50314174259256
2025-12-02 21:10:55.964614,1238,CHILPANCINGO DE LOS BRAVO,ENC-010,17.549381926480415,-99.50232019302376
2025-12-02 21:10:55.966817,271,ACAPULCO DE JUAREZ,ENC-011,16.8717246970724,-99.87537540036539
2025-12-03 21:10:55.969021,1210,CHILPANCINGO DE LOS BRAVO,ENC-013,17.566576412700865,-99.50401041044817
2025-12-02 21:10:55.971188,1493,IGUALA DE LA INDEPENDENCIA,ENC-004,18.377211223111196,-99.52686020132603
2025-12-02 21:10:55.973385,1241,CHILPANCINGO DE LOS BRAVO,ENC-001,17.553943391024454,-99.4937881728452
2025-12-03 21:10:55.976950,1211,CHILPANCINGO DE LOS BRAVO,ENC-014,17.573044039959143,-99.50810805076303
2025-12-02 21:10:55.980024,1240,CHILPANCINGO DE LOS BRAVO,ENC-015,17.552333406036347,-99.49672011808077
2025-12-03 21:10:55.982784,125,ACAPULCO DE JUAREZ,ENC-004,16.909238753758835,-99.96415800812449
2025-12-02 21:10:55.985424,1521,IGUALA DE LA INDEPENDENCIA,ENC-014,18.333194426813662,-99.52436945805682
2025-12-03 21:10:55.987801,26,ACAPULCO DE JUAREZ,ENC-004,16.875243341217182,-99.907722903014
2025-11-30 21:10:55.990075,1304,CHILPANCINGO DE LOS BRAVO,ENC-011,17.25990104852022,-99.50914426543694
2025-12-03 21:10:55.992255,111,ACAPULCO DE JUAREZ,ENC-008,16.921103931784153,-99.839919453801
2025-12-01 21:10:55.994435,192,ACAPULCO DE JUAREZ,ENC-002,16.883677869425973,-99.89621440868342
2025-12-03 21:10:55.996611,1526,IGUALA DE LA INDEPENDENCIA,ENC-014,18.336973791455826,-99.53389089991693
2025-12-01 21:10:55.998792,1523,IGUALA DE LA INDEPENDENCIA,ENC-014,18.333590207962608,-99.52775117968245
2025-12-02 21:10:56.000986,1302,CHILPANCINGO DE LOS BRAVO,ENC-008,17.304311366325187,-99.54421046800839
2025-12-02 21:10:56.003169,37,ACAPULCO DE JUAREZ,ENC-007,16.8700416593498,-99.90622337812147
2025-12-03 21:10:56.005352,1214,CHILPANCINGO DE LOS BRAVO,ENC-008,17.561144311126853,-99.5126023465921
2025-11-30 21:10:56.007795,1289,CHILPANCINGO DE LOS BRAVO,ENC-014,17.401474355990654,-99.4628187885659
2025-12-03 21:10:56.010042,1270,CHILPANCINGO DE LOS BRAVO,ENC-012,17.53266346485154,-99.47833597782048
2025-12-03 21:10:56.012229,1527,IGUALA DE LA INDEPENDENCIA,ENC-013,18.33918782040453,-99.53556350988242
2025-12-02 21:10:56.014411,1484,IGUALA DE LA INDEPENDENCIA,ENC-012,18.37218150005352,-99.54353299213476
2025-12-01 21:10:56.016619,1524,IGUALA DE LA INDEPENDENCIA,ENC-002,18.33379072610728,-99.53044705750368
2025-12-02 21:10:56.018790,1243,CHILPANCINGO DE LOS BRAVO,ENC-015,17.558592286200742,-99.48964817531076
2025-12-03 21:10:56.020962,81,ACAPULCO DE JUAREZ,ENC-007,16.86588375800108,-99.90788455240539
2025-12-02 21:10:56.023150,2822,CHILPANCINGO DE LOS BRAVO,ENC-004,17.553253459340283,-99.54223294225774
2025-12-01 21:10:56.025566,1485,IGUALA DE LA INDEPENDENCIA,ENC-013,18.371375575880297,-99.53655745489282
2025-12-02 21:10:56.027814,1491,IGUALA DE LA INDEPENDENCIA,ENC-001,18.356249155823328,-99.53218101209121
2025-12-02 21:10:56.029997,2835,ACAPULCO DE JUAREZ,ENC-013,16.921439057110202,-99.8057320386726
2025-11-30 21:10:56.032179,1492,IGUALA DE LA INDEPENDENCIA,ENC-005,18.355442348743296,-99.53066493662008
2025-12-03 21:10:56.034367,81,ACAPULCO DE JUAREZ,ENC-003,16.855661642102728,-99.89635170330641
2025-12-03 21:10:56.037880,121,ACAPULCO DE JUAREZ,ENC-010,16.91373315143321,-99.83410693585387
2025-11-30 21:10:56.041772,1223,CHILPANCINGO DE LOS BRAVO,ENC-001,17.554825631176925,-99.50962606898877
2025-11-30 21:10:56.044529,1211,CHILPANCINGO DE LOS BRAVO,ENC-002,17.574564654144833,-99.50698054979613
2025-12-02 21:10:56.047244,1526,IGUALA DE LA INDEPENDENCIA,ENC-006,18.33806881687293,-99.53315859543233
2025-12-01 21:10:56.049702,1495,IGUALA DE LA INDEPENDENCIA,ENC-001,18.36243095249361,-99.51870394348137
2025-12-03 21:10:56.052072,1540,IGUALA DE LA INDEPENDENCIA,ENC-013,18.336477845211952,-99.54516365787909
2025-11-30 21:10:56.054253,188,ACAPULCO DE JUAREZ,ENC-008,16.889350760570075,-99.84707104168132
2025-11-30 21:10:56.056440,2822,CHILPANCINGO DE LOS BRAVO,ENC-010,17.563124670537277,-99.54523802493269
2025-12-02 21:10:56.058681,1527,IGUALA DE LA INDEPENDENCIA,ENC-014,18.338680352539317,-99.53606008635684
2025-12-01 21:10:56.060864,157,ACAPULCO DE JUAREZ,ENC-003,16.90273128865754,-99.83161369585943
2025-11-30 21:10:56.063267,1483,IGUALA DE LA INDEPENDENCIA,ENC-006,18.359310304612574,-99.54917511844285
2025-11-30 21:10:56.065487,2803,CHILPANCINGO DE LOS BRAVO,ENC-002,17.565067494420436,-99.49818830922138
2025-12-03 21:10:56.067687,151,ACAPULCO DE JUAREZ,ENC-015,16.901065000505266,-99.82540236197845
2025-11-30 21:10:56.069860,1270,CHILPANCINGO DE LOS BRAVO,ENC-013,17.532386177307814,-99.47847488376952
2025-12-02 21:10:56.073496,185,ACAPULCO DE JUAREZ,ENC-008,16.88870946441752,-99.833129634417
2025-12-03 21:10:56.077366,1524,IGUALA DE LA INDEPENDENCIA,ENC-005,18.33407049872153,-99.5299002068436
2025-11-30 21:10:56.080164,1266,CHILPANCINGO DE LOS BRAVO,ENC-004,17.53690096688372,-99.50598916609371
2025-11-30 21:10:56.083289,114,ACAPULCO DE JUAREZ,ENC-013,16.9233709038601,-99.81703688558687
2025-12-03 21:10:56.085808,1493,IGUALA DE LA INDEPENDENCIA,ENC-013,18.38058678927481,-99.53951425704186
2025-12-03 21:10:56.088410,157,ACAPULCO DE JUAREZ,ENC-010,16.895808363377366,-99.8203496945341
2025-12-02 21:10:56.090749,153,ACAPULCO DE JUAREZ,ENC-014,16.90058282151529,-99.82020386798136
2025-12-03 21:10:56.092948,17,ACAPULCO DE JUAREZ,ENC-014,16.884357888315705,-99.94437764751784
2025-12-02 21:10:56.095124,207,ACAPULCO DE JUAREZ,ENC-010,16.88410937915672,-99.81375580989628
2025-12-03 21:10:56.097300,278,ACAPULCO DE JUAREZ,ENC-013,16.860451521680808,-99.86413299034027
2025-12-01 21:10:56.099474,60,ACAPULCO DE JUAREZ,ENC-005,16.864477870277465,-99.89361709666443
2025-11-30 21:10:56.101638,1547,IGUALA DE LA INDEPENDENCIA,ENC-006,18.34958456139803,-99.47071222716453
2025-12-03 21:10:56.103840,1521,IGUALA DE LA INDEPENDENCIA,ENC-012,18.333209829469432,-99.52401439770787
2025-12-01 21:10:56.106008,1531,IGUALA DE LA INDEPENDENCIA,ENC-003,18.341120471420183,-99.54550038142936
2025-12-02 21:10:56.108178,305,ACAPULCO DE JUAREZ,ENC-001,16.821871216526098,-99.82160387726314
2025-11-30 21:10:56.110903,1507,IGUALA DE LA INDEPENDENCIA,ENC-015,18.34774940424986,-99.54708040652682
2025-12-03 21:10:56.114488,121,ACAPULCO DE JUAREZ,ENC-002,16.914528422898574,-99.83541662657164
2025-11-30 21:10:56.117199,1228,CHILPANCINGO DE LOS BRAVO,ENC-009,17.56177289835116,-99.49469411271066
2025-11-30 21:10:56.119905,143,ACAPULCO DE JUAREZ,ENC-010,16.90931167202067,-99.85924014825349
2025-12-01 21:10:56.122394,1287,CHILPANCINGO DE LOS BRAVO,ENC-007,17.448384800915917,-99.48023085228841
2025-12-03 21:10:56.124771,37,ACAPULCO DE JUAREZ,ENC-014,16.871040351847704,-99.90490575794122
2025-11-30 21:10:56.126962,1495,IGUALA DE LA INDEPENDENCIA,ENC-012,18.36245327719015,-99.51738708006577
2025-12-03 21:10:56.129126,1240,CHILPANCINGO DE LOS BRAVO,ENC-005,17.553599967016417,-99.4969345733143
2025-12-02 21:10:56.131293,1499,IGUALA DE LA INDEPENDENCIA,ENC-006,18.356913865244117,-99.51998795529249
2025-12-03 21:10:56.134568,1286,CHILPANCINGO DE LOS BRAVO,ENC-007,17.43461849780948,-99.51925494198092
2025-12-01 21:10:56.136832,1500,IGUALA DE LA INDEPENDENCIA,ENC-006,18.351926880623303,-99.52562376868691
2025-12-02 21:10:56.139044,229,ACAPULCO DE JUAREZ,ENC-007,16.880859122440697,-99.89005001190729
2025-11-30 21:10:56.141337,2822,CHILPANCINGO DE LOS BRAVO,ENC-012,17.553405046184704,-99.5408802817535
2025-12-02 21:10:56.143570,1523,IGUALA DE LA INDEPENDENCIA,ENC-001,18.333241602327348,-99.52763304072057
2025-12-01 21:10:56.145956,1207,CHILPANCINGO DE LOS BRAVO,ENC-006,17.581578571030622,-99.4746256697874
2025-12-01 21:10:56.148205,1488,IGUALA DE LA INDEPENDENCIA,ENC-003,18.357745363299745,-99.53410657573339
2025-12-01 21:10:56.150392,19,ACAPULCO DE JUAREZ,ENC-002,16.876396052875716,-99.93871370709742
2025-11-30 21:10:56.152562,247,ACAPULCO DE JUAREZ,ENC-003,16.87252007237722,-99.8254924132965
2025-12-02 21:10:56.154756,220,ACAPULCO DE JUAREZ,ENC-008,16.878160531021468,-99.86563013331879
2025-12-03 21:10:56.156922,1271,CHILPANCINGO DE LOS BRAVO,ENC-007,17.53308125445896,-99.45804175825694
2025-12-02 21:10:56.159453,1235,CHILPANCINGO DE LOS BRAVO,ENC-014,17.5479200099441,-99.50995091662834
2025-12-03 21:10:56.161637,25,ACAPULCO DE JUAREZ,ENC-007,16.875772012593533,-99.89695041096202
2025-12-03 21:10:56.163800,1522,IGUALA DE LA INDEPENDENCIA,ENC-010,18.320280074551764,-99.5277982514563
2025-12-03 21:10:56.166065,157,ACAPULCO DE JUAREZ,ENC-008,16.89553009765596,-99.82007182551187
2025-12-02 21:10:56.168249,2818,CHILPANCINGO DE LOS BRAVO,ENC-005,17.569353391677428,-99.52079009281356
2025-12-03 21:10:56.170425,31,ACAPULCO DE JUAREZ,ENC-013,16.876211022428624,-99.9300629717887
2025-12-02 21:10:56.172668,124,ACAPULCO DE JUAREZ,ENC-003,16.9092370780026,-99.96100651156598
2025-12-02 21:10:56.174862,1287,CHILPANCINGO DE LOS BRAVO,ENC-013,17.449518260414226,-99.47930240468403
2025-12-01 21:10:56.177599,157,ACAPULCO DE JUAREZ,ENC-003,16.89580149935176,-99.82023198694606
2025-12-02 21:10:56.181253,133,ACAPULCO DE JUAREZ,ENC-003,16.897021604758926,-99.8367220190768
2025-12-01 21:10:56.185036,2819,CHILPANCINGO DE LOS BRAVO,ENC-009,17.564384485724425,-99.5033748292545
2025-12-03 21:10:56.188090,37,ACAPULCO DE JUAREZ,ENC-001,16.87061136759157,-99.90568141697041
2025-12-01 21:10:56.190790,307,ACAPULCO DE JUAREZ,ENC-002,16.799744184579062,-99.82880836317096
2025-11-30 21:10:56.193420,1214,CHILPANCINGO DE LOS BRAVO,ENC-004,17.561060189450803,-99.51314796155776
2025-12-02 21:10:56.195786,1240,CHILPANCINGO DE LOS BRAVO,ENC-005,17.55331884707512,-99.49707767114676
2025-12-01 21:10:56.198055,142,ACAPULCO DE JUAREZ,ENC-004,16.906842955439373,-99.84517826287555
2025-11-30 21:10:56.200242,1245,CHILPANCINGO DE LOS BRAVO,ENC-006,17.550966794885927,-99.4800431588634
2025-12-03 21:10:56.202416,1260,CHILPANCINGO DE LOS BRAVO,ENC-010,17.542224059970874,-99.50604796338953
2025-12-02 21:10:56.204586,1519,IGUALA DE LA INDEPENDENCIA,ENC-006,18.3227049254386,-99.50877902053453
2025-11-30 21:10:56.206971,1223,CHILPANCINGO DE LOS BRAVO,ENC-014,17.555951498347294,-99.510712101985
2025-12-03 21:10:56.209204,296,ACAPULCO DE JUAREZ,ENC-002,16.851649910810274,-99.81368868215202
2025-12-02 21:10:56.211390,1214,CHILPANCINGO DE LOS BRAVO,ENC-010,17.560081996308558,-99.51288242024721
2025-12-02 21:10:56.213579,1204,CHILPANCINGO DE LOS BRAVO,ENC-004,17.582053169431013,-99.52343018217631
2025-12-01 21:10:56.215767,1488,IGUALA DE LA INDEPENDENCIA,ENC-006,18.356722323726302,-99.53510848989949
2025-12-03 21:10:56.217953,1534,IGUALA DE LA INDEPENDENCIA,ENC-008,18.33712254915435,-99.56005678915314
2025-12-01 21:10:56.220128,1287,CHILPANCINGO DE LOS BRAVO,ENC-009,17.449262592269875,-99.47987066017902
2025-12-02 21:10:56.222302,142,ACAPULCO DE JUAREZ,ENC-011,16.905513026238516,-99.84518018357387
2025-12-02 21:10:56.224474,136,ACAPULCO DE JUAREZ,ENC-008,16.904033078672825,-99.81973445204179
2025-11-30 21:10:56.226662,1281,CHILPANCINGO DE LOS BRAVO,ENC-007,17.50048614227018,-99.46074511798962
2025-12-02 21:10:56.228836,2835,ACAPULCO DE JUAREZ,ENC-001,16.92161532327659,-99.80691951791783
2025-12-02 21:10:56.232108,25,ACAPULCO DE JUAREZ,ENC-006,16.877040321828005,-99.89863714495428
2025-12-03 21:10:56.235392,306,ACAPULCO DE JUAREZ,ENC-004,16.814654996374802,-99.80625134630236
2025-12-01 21:10:56.238119,1265,CHILPANCINGO DE LOS BRAVO,ENC-013,17.5335763317331,-99.51467494578282
2025-11-30 21:10:56.240843,306,ACAPULCO DE JUAREZ,ENC-008,16.816361665222235,-99.8045242184003
2025-12-01 21:10:56.243222,1268,CHILPANCINGO DE LOS BRAVO,ENC-006,17.533294479750793,-99.4904436720932
2025-12-01 21:10:56.245534,1207,CHILPANCINGO DE LOS BRAVO,ENC-009,17.58228255130922,-99.47544778516571
2025-12-03 21:10:56.247696,1214,CHILPANCINGO DE LOS BRAVO,ENC-002,17.56091224566043,-99.51200566647508
2025-12-02 21:10:56.249875,19,ACAPULCO DE JUAREZ,ENC-004,16.879506700491387,-99.91830755601399
2025-11-30 21:10:56.252040,1491,IGUALA DE LA INDEPENDENCIA,ENC-003,18.35541532524964,-99.53280904467107
2025-12-02 21:10:56.254356,171,ACAPULCO DE JUAREZ,ENC-001,16.892743589861198,-99.84590732978553
2025-11-30 21:10:56.256596,1519,IGUALA DE LA INDEPENDENCIA,ENC-010,18.323653783120314,-99.50952096872152
2025-11-30 21:10:56.258837,1527,IGUALA DE LA INDEPENDENCIA,ENC-011,18.339652663999512,-99.53540991427604
2025-12-03 21:10:56.261004,25,ACAPULCO DE JUAREZ,ENC-013,16.877289475585858,-99.8976556178605
2025-12-01 21:10:56.263162,1503,IGUALA DE LA INDEPENDENCIA,ENC-012,18.34666123487928,-99.53568845683587
2025-12-02 21:10:56.265384,281,ACAPULCO DE JUAREZ,ENC-009,16.857757719365154,-99.80459840844159
2025-12-03 21:10:56.267556,305,ACAPULCO DE JUAREZ,ENC-008,16.823048004847777,-99.82182170835088
2025-11-30 21:10:56.269729,157,ACAPULCO DE JUAREZ,ENC-010,16.896129349340434,-99.8208881446188
2025-12-01 21:10:56.271920,138,ACAPULCO DE JUAREZ,ENC-008,16.904254679691988,-99.8298652676745
2025-12-01 21:10:56.275548,1525,IGUALA DE LA INDEPENDENCIA,ENC-015,18.326475940147997,-99.53400023456084
2025-12-01 21:10:56.278740,125,ACAPULCO DE JUAREZ,ENC-015,16.909584441302997,-99.9649233149956
2025-12-02 21:10:56.281516,111,ACAPULCO DE JUAREZ,ENC-006,16.919739360255278,-99.83913323178881
2025-12-02 21:10:56.284431,1500,IGUALA DE LA INDEPENDENCIA,ENC-003,18.3520472393692,-99.52469540607063
2025-12-02 21:10:56.287163,1259,CHILPANCINGO DE LOS BRAVO,ENC-005,17.52115714867371,-99.56492873249888
2025-12-03 21:10:56.289749,1270,CHILPANCINGO DE LOS BRAVO,ENC-015,17.53335225110738,-99.47981920900277
2025-11-30 21:10:56.292120,124,ACAPULCO DE JUAREZ,ENC-009,16.909018116243946,-99.96102404875542
2025-11-30 21:10:56.294317,208,ACAPULCO DE JUAREZ,ENC-001,16.87992345153794,-99.81683049996695
2025-12-02 21:10:56.296487,281,ACAPULCO DE JUAREZ,ENC-003,16.85848103489491,-99.80564718357438
2025-12-02 21:10:56.298696,1260,CHILPANCINGO DE LOS BRAVO,ENC-015,17.5427335926659,-99.5057296035273
2025-12-03 21:10:56.300878,1519,IGUALA DE LA INDEPENDENCIA,ENC-009,18.321890487500283,-99.50950430769126
2025-11-30 21:10:56.303464,1262,CHILPANCINGO DE LOS BRAVO,ENC-003,17.542707864191286,-99.49464809724141
2025-12-02 21:10:56.305766,1517,IGUALA DE LA INDEPENDENCIA,ENC-006,18.328457531584483,-99.5063338799276
2025-11-30 21:10:56.307938,1501,IGUALA DE LA INDEPENDENCIA,ENC-003,18.345086637759376,-99.5273133580817
2025-12-02 21:10:56.310133,133,ACAPULCO DE JUAREZ,ENC-004,16.91001978648897,-99.82811528858768
2025-12-03 21:10:56.312675,279,ACAPULCO DE JUAREZ,ENC-013,16.86457939108381,-99.8388540683135
2025-12-03 21:10:56.316645,1523,IGUALA DE LA INDEPENDENCIA,ENC-015,18.3268229929831,-99.54475226576245
2025-12-02 21:10:56.319463,1264,CHILPANCINGO DE LOS BRAVO,ENC-002,17.547556318923093,-99.52185744661274
2025-12-02 21:10:56.322180,1214,CHILPANCINGO DE LOS BRAVO,ENC-011,17.56109715573484,-99.51204043083983
2025-12-01 21:10:56.324720,305,ACAPULCO DE JUAREZ,ENC-007,16.8227111664378,-99.82254137336331
2025-12-03 21:10:56.327320,1505,IGUALA DE LA INDEPENDENCIA,ENC-004,18.347650091321952,-99.53953051175374
2025-11-30 21:10:56.329736,1547,IGUALA DE LA INDEPENDENCIA,ENC-004,18.357734818002935,-99.47993411295955
2025-12-02 21:10:56.331982,197,ACAPULCO DE JUAREZ,ENC-004,16.88311753391552,-99.85978131885612
2025-12-03 21:10:56.334159,124,ACAPULCO DE JUAREZ,ENC-001,16.90839082132229,-99.95968867985903
2025-12-02 21:10:56.336344,1516,IGUALA DE LA INDEPENDENCIA,ENC-014,18.343888886561295,-99.51705248111222
2025-11-30 21:10:56.338590,1496,IGUALA DE LA INDEPENDENCIA,ENC-006,18.361135331291916,-99.52247767751075
2025-12-01 21:10:56.340804,118,ACAPULCO DE JUAREZ,ENC-009,16.91161728430327,-99.81834915575196
2025-11-30 21:10:56.343000,1265,CHILPANCINGO DE LOS BRAVO,ENC-013,17.53207951733712,-99.51592361813861
2025-11-30 21:10:56.345260,1503,IGUALA DE LA INDEPENDENCIA,ENC-009,18.34782854590748,-99.53424181193355
2025-12-01 21:10:56.347448,1481,IGUALA DE LA INDEPENDENCIA,ENC-010,18.354811469717703,-99.58395932189862
2025-11-30 21:10:56.349649,1286,CHILPANCINGO DE LOS BRAVO,ENC-014,17.43510368191258,-99.51837383842208
2025-11-30 21:10:56.353341,120,ACAPULCO DE JUAREZ,ENC-002,16.91582625031142,-99.82822762613182
2025-12-02 21:10:56.356320,208,ACAPULCO DE JUAREZ,ENC-012,16.878473909549985,-99.81670680044942
2025-12-02 21:10:56.359187,37,ACAPULCO DE JUAREZ,ENC-007,16.870291523188925,-99.90511563764694
2025-12-03 21:10:56.361964,17,ACAPULCO DE JUAREZ,ENC-006,16.884118539759857,-99.94389926916581
2025-11-30 21:10:56.364679,1210,CHILPANCINGO DE LOS BRAVO,ENC-014,17.566193694394464,-99.50278344694519
2025-12-03 21:10:56.367060,1219,CHILPANCINGO DE LOS BRAVO,ENC-015,17.560957749258947,-99.50053305050837
2025-12-03 21:10:56.369386,1491,IGUALA DE LA INDEPENDENCIA,ENC-014,18.35685109947606,-99.53368919991975
2025-12-02 21:10:56.371562,157,ACAPULCO DE JUAREZ,ENC-003,16.89519284509533,-99.82130303150626
2025-11-30 21:10:56.373739,296,ACAPULCO DE JUAREZ,ENC-011,16.851384187005777,-99.81518239655905
2025-12-03 21:10:56.376146,1492,IGUALA DE LA INDEPENDENCIA,ENC-012,18.35556672522845,-99.53016412738369
2025-12-03 21:10:56.378347,1495,IGUALA DE LA INDEPENDENCIA,ENC-012,18.34950582891255,-99.512955725205
2025-11-30 21:10:56.380529,1491,IGUALA DE LA INDEPENDENCIA,ENC-006,18.356921294412487,-99.53272723866027
2025-12-02 21:10:56.382721,1525,IGUALA DE LA INDEPENDENCIA,ENC-015,18.32689892478116,-99.53356987429596
2025-12-01 21:10:56.386242,1530,IGUALA DE LA INDEPENDENCIA,ENC-005,18.339233927055112,-99.54241306575189
2025-12-01 21:10:56.389278,165,ACAPULCO DE JUAREZ,ENC-003,16.895072257701504,-99.86819107189214
2025-12-03 21:10:56.391991,1268,CHILPANCINGO DE LOS BRAVO,ENC-014,17.532757151828793,-99.49152340478555
2025-11-30 21:10:56.395072,1526,IGUALA DE LA INDEPENDENCIA,ENC-005,18.33690216302503,-99.53385756808576
2025-12-02 21:10:56.397569,121,ACAPULCO DE JUAREZ,ENC-005,16.913882818397358,-99.83568853246814
2025-11-30 21:10:56.400140,1251,CHILPANCINGO DE LOS BRAVO,ENC-002,17.547606073095515,-99.50092182728734
2025-11-30 21:10:56.402366,1502,IGUALA DE LA INDEPENDENCIA,ENC-003,18.349925828094406,-99.53383087899677
2025-12-03 21:10:56.404569,2818,CHILPANCINGO DE LOS BRAVO,ENC-006,17.570049487331268,-99.51990377031792
2025-12-03 21:10:56.406752,1523,IGUALA DE LA INDEPENDENCIA,ENC-008,18.334597755250808,-99.52597871197595
2025-12-02 21:10:56.409000,1226,CHILPANCINGO DE LOS BRAVO,ENC-003,17.55855391025818,-99.50336349635128
2025-12-01 21:10:56.411212,1536,IGUALA DE LA INDEPENDENCIA,ENC-001,18.341883133264453,-99.55482821639048
2025-11-30 21:10:56.413401,1228,CHILPANCINGO DE LOS BRAVO,ENC-014,17.560616975090294,-99.4948963152469
2025-12-03 21:10:56.415738,1493,IGUALA DE LA INDEPENDENCIA,ENC-007,18.377535115545044,-99.5254633841174
2025-12-02 21:10:56.417931,66,ACAPULCO DE JUAREZ,ENC-007,16.846806970062634,-99.90691918284726
2025-12-02 21:10:56.420100,197,ACAPULCO DE JUAREZ,ENC-009,16.884545335947053,-99.85822814760316
2025-12-03 21:10:56.422523,192,ACAPULCO DE JUAREZ,ENC-013,16.884010534708786,-99.89647543156272
2025-12-03 21:10:56.424727,37,ACAPULCO DE JUAREZ,ENC-005,16.869764043513722,-99.90558953487763
2025-12-03 21:10:56.426905,1492,IGUALA DE LA INDEPENDENCIA,ENC-008,18.354741505764515,-99.53065901494422
2025-11-30 21:10:56.429070,1268,CHILPANCINGO DE LOS BRAVO,ENC-005,17.533332830712038,-99.49198058660886
2025-12-01 21:10:56.431237,1261,CHILPANCINGO DE LOS BRAVO,ENC-015,17.54047794135106,-99.50019455869945
2025-11-30 21:10:56.433424,31,ACAPULCO DE JUAREZ,ENC-011,16.876388986675508,-99.93012601576204
2025-12-01 21:10:56.435597,1243,CHILPANCINGO DE LOS BRAVO,ENC-010,17.54976828791499,-99.47952053304945
2025-12-03 21:10:56.437769,1527,IGUALA DE LA INDEPENDENCIA,ENC-010,18.321281251358315,-99.53296698793349
2025-12-02 21:10:56.439934,1245,CHILPANCINGO DE LOS BRAVO,ENC-015,17.548853857678285,-99.48436581872059
2025-12-03 21:10:56.442164,2845,CHILPANCINGO DE LOS BRAVO,ENC-007,17.49812762547897,-99.53114265938257
2025-11-30 21:10:56.444335,143,ACAPULCO DE JUAREZ,ENC-004,16.90736411347674,-99.85931564382656
